NAME,C02003_003E,state,zip code tabulation area,GEOID,percent
ZCTA5 76704,2019,48,76704,4876704,2.019
ZCTA5 76682,2531,48,76682,4876682,2.531
ZCTA5 76692,9535,48,76692,4876692,9.535
ZCTA5 76706,29236,48,76706,4876706,29.236
ZCTA5 79547,689,48,79547,4879547,0.689
ZCTA5 79102,8126,48,79102,4879102,8.126
ZCTA5 79830,7370,48,79830,4879830,7.37
ZCTA5 79837,173,48,79837,4879837,0.173
ZCTA5 79839,1509,48,79839,4879839,1.509
ZCTA5 79845,4509,48,79845,4879845,4.509
ZCTA5 79854,48,48,79854,4879854,0.048
ZCTA5 79934,19112,48,79934,4879934,19.112
ZCTA5 79938,66578,48,79938,4879938,66.578
ZCTA5 79411,5780,48,79411,4879411,5.78
ZCTA5 79506,689,48,79506,4879506,0.689
ZCTA5 79838,4484,48,79838,4879838,4.484
ZCTA5 79852,583,48,79852,4879852,0.583
ZCTA5 79905,17817,48,79905,4879905,17.817
ZCTA5 79906,3745,48,79906,4879906,3.745
ZCTA5 79935,15445,48,79935,4879935,15.445
ZCTA5 79936,97904,48,79936,4879936,97.904
ZCTA5 79942,22,48,79942,4879942,0.022
ZCTA5 79040,1690,48,79040,4879040,1.69
ZCTA5 79018,300,48,79018,4879018,0.3
ZCTA5 79744,735,48,79744,4879744,0.735
ZCTA5 79846,105,48,79846,4879846,0.105
ZCTA5 79718,647,48,79718,4879718,0.647
ZCTA5 79834,142,48,79834,4879834,0.142
ZCTA5 79061,403,48,79061,4879061,0.403
ZCTA5 79095,2138,48,79095,4879095,2.138
ZCTA5 79925,35096,48,79925,4879925,35.096
ZCTA5 79525,2107,48,79525,4879525,2.107
ZCTA5 79528,634,48,79528,4879528,0.634
ZCTA5 79533,405,48,79533,4879533,0.405
ZCTA5 79539,142,48,79539,4879539,0.142
ZCTA5 79543,1095,48,79543,4879543,1.095
ZCTA5 79545,1745,48,79545,4879545,1.745
ZCTA5 79549,13868,48,79549,4879549,13.868
ZCTA5 79556,11198,48,79556,4879556,11.198
ZCTA5 79562,3740,48,79562,4879562,3.74
ZCTA5 79566,376,48,79566,4879566,0.376
ZCTA5 79714,16464,48,79714,4879714,16.464
ZCTA5 79741,191,48,79741,4879741,0.191
ZCTA5 79763,32248,48,79763,4879763,32.248
ZCTA5 79777,203,48,79777,4879777,0.203
ZCTA5 76565,104,48,76565,4876565,0.104
ZCTA5 76574,14878,48,76574,4876574,14.878
ZCTA5 76637,506,48,76637,4876637,0.506
ZCTA5 76653,1162,48,76653,4876653,1.162
ZCTA5 76665,2377,48,76665,4876665,2.377
ZCTA5 76670,1305,48,76670,4876670,1.305
ZCTA5 76690,1001,48,76690,4876690,1.001
ZCTA5 76693,1222,48,76693,4876693,1.222
ZCTA5 76705,23386,48,76705,4876705,23.386
ZCTA5 76862,187,48,76862,4876862,0.187
ZCTA5 76871,692,48,76871,4876871,0.692
ZCTA5 76890,1092,48,76890,4876890,1.092
ZCTA5 76930,96,48,76930,4876930,0.096
ZCTA5 76937,30,48,76937,4876937,0.03
ZCTA5 76940,109,48,76940,4876940,0.109
ZCTA5 76958,134,48,76958,4876958,0.134
ZCTA5 76953,100,48,76953,4876953,0.1
ZCTA5 76116,35223,48,76116,4876116,35.223
ZCTA5 76132,18666,48,76132,4876132,18.666
ZCTA5 76225,2959,48,76225,4876225,2.959
ZCTA5 76233,3122,48,76233,4876233,3.122
ZCTA5 76249,8001,48,76249,4876249,8.001
ZCTA5 76253,290,48,76253,4876253,0.29
ZCTA5 76255,5131,48,76255,4876255,5.131
ZCTA5 76266,14633,48,76266,4876266,14.633
ZCTA5 76270,1810,48,76270,4876270,1.81
ZCTA5 76271,1722,48,76271,4876271,1.722
ZCTA5 76351,1955,48,76351,4876351,1.955
ZCTA5 76354,10560,48,76354,4876354,10.56
ZCTA5 76371,1139,48,76371,4876371,1.139
ZCTA5 76377,770,48,76377,4876377,0.77
ZCTA5 76384,9450,48,76384,4876384,9.45
ZCTA5 76389,1348,48,76389,4876389,1.348
ZCTA5 75032,27532,48,75032,4875032,27.532
ZCTA5 75057,10485,48,75057,4875057,10.485
ZCTA5 75058,2391,48,75058,4875058,2.391
ZCTA5 75065,10701,48,75065,4875065,10.701
ZCTA5 75647,10463,48,75647,4875647,10.463
ZCTA5 75559,4047,48,75559,4875559,4.047
ZCTA5 75563,3911,48,75563,4875563,3.911
ZCTA5 75630,1879,48,75630,4875630,1.879
ZCTA5 75602,12782,48,75602,4875602,12.782
ZCTA5 75604,23656,48,75604,4875604,23.656
ZCTA5 75633,10454,48,75633,4875633,10.454
ZCTA5 75644,10872,48,75644,4875644,10.872
ZCTA5 75650,9055,48,75650,4875650,9.055
ZCTA5 75657,5243,48,75657,4875657,5.243
ZCTA5 75603,4193,48,75603,4875603,4.193
ZCTA5 75652,12325,48,75652,4875652,12.325
ZCTA5 75686,9361,48,75686,4875686,9.361
ZCTA5 75706,7116,48,75706,4875706,7.116
ZCTA5 75766,21935,48,75766,4875766,21.935
ZCTA5 75789,6866,48,75789,4875789,6.866
ZCTA5 75845,2719,48,75845,4875845,2.719
ZCTA5 75850,651,48,75850,4875850,0.651
ZCTA5 75855,2192,48,75855,4875855,2.192
ZCTA5 75930,2014,48,75930,4875930,2.014
ZCTA5 75944,1249,48,75944,4875944,1.249
ZCTA5 75964,15061,48,75964,4875964,15.061
ZCTA5 75977,141,48,75977,4875977,0.141
ZCTA5 75980,2266,48,75980,4875980,2.266
ZCTA5 75764,166,48,75764,4875764,0.166
ZCTA5 75840,5202,48,75840,4875840,5.202
ZCTA5 75853,405,48,75853,4875853,0.405
ZCTA5 75859,1443,48,75859,4875859,1.443
ZCTA5 75933,1006,48,75933,4875933,1.006
ZCTA5 75934,42,48,75934,4875934,0.042
ZCTA5 75941,6650,48,75941,4875941,6.65
ZCTA5 75961,10663,48,75961,4875961,10.663
ZCTA5 75972,3681,48,75972,4875972,3.681
ZCTA5 75074,35295,48,75074,4875074,35.295
ZCTA5 75088,19848,48,75088,4875088,19.848
ZCTA5 75089,22850,48,75089,4875089,22.85
ZCTA5 75101,459,48,75101,4875101,0.459
ZCTA5 77088,22918,48,77088,4877088,22.918
ZCTA5 77090,14629,48,77090,4877090,14.629
ZCTA5 77098,10544,48,77098,4877098,10.544
ZCTA5 77326,46,48,77326,4877326,0.046
ZCTA5 77327,19332,48,77327,4877327,19.332
ZCTA5 77334,92,48,77334,4877334,0.092
ZCTA5 77304,26855,48,77304,4877304,26.855
ZCTA5 77306,12099,48,77306,4877306,12.099
ZCTA5 77331,6316,48,77331,4877331,6.316
ZCTA5 77011,14621,48,77011,4877011,14.621
ZCTA5 77012,12815,48,77012,4877012,12.815
ZCTA5 77013,14125,48,77013,4877013,14.125
ZCTA5 77449,73338,48,77449,4877449,73.338
ZCTA5 77450,53551,48,77450,4877450,53.551
ZCTA5 77456,1002,48,77456,4877456,1.002
ZCTA5 77459,31154,48,77459,4877459,31.154
ZCTA5 77476,110,48,77476,4877476,0.11
ZCTA5 75656,3418,48,75656,4875656,3.418
ZCTA5 75667,966,48,75667,4875667,0.966
ZCTA5 75672,12050,48,75672,4875672,12.05
ZCTA5 75243,28667,48,75243,4875243,28.667
ZCTA5 75246,1566,48,75246,4875246,1.566
ZCTA5 75249,5541,48,75249,4875249,5.541
ZCTA5 75413,231,48,75413,4875413,0.231
ZCTA5 75417,2576,48,75417,4875417,2.576
ZCTA5 75423,2598,48,75423,4875423,2.598
ZCTA5 75426,2801,48,75426,4875426,2.801
ZCTA5 75436,1836,48,75436,4875436,1.836
ZCTA5 75439,1017,48,75439,4875439,1.017
ZCTA5 75457,5485,48,75457,4875457,5.485
ZCTA5 75002,52582,48,75002,4875002,52.582
ZCTA5 75010,16282,48,75010,4875010,16.282
ZCTA5 75023,35504,48,75023,4875023,35.504
ZCTA5 75042,26074,48,75042,4875042,26.074
ZCTA5 75075,28139,48,75075,4875075,28.139
ZCTA5 75114,5766,48,75114,4875114,5.766
ZCTA5 75135,6851,48,75135,4875135,6.851
ZCTA5 75143,13516,48,75143,4875143,13.516
ZCTA5 75144,2346,48,75144,4875144,2.346
ZCTA5 75152,4350,48,75152,4875152,4.35
ZCTA5 75163,2626,48,75163,4875163,2.626
ZCTA5 75165,34373,48,75165,4875165,34.373
ZCTA5 75173,3720,48,75173,4875173,3.72
ZCTA5 75182,3870,48,75182,4875182,3.87
ZCTA5 75204,22056,48,75204,4875204,22.056
ZCTA5 75216,20568,48,75216,4875216,20.568
ZCTA5 75217,60740,48,75217,4875217,60.74
ZCTA5 75220,38658,48,75220,4875220,38.658
ZCTA5 75224,25134,48,75224,4875224,25.134
ZCTA5 75238,23153,48,75238,4875238,23.153
ZCTA5 75422,2870,48,75422,4875422,2.87
ZCTA5 75428,7116,48,75428,4875428,7.116
ZCTA5 75433,2507,48,75433,4875433,2.507
ZCTA5 75134,4924,48,75134,4875134,4.924
ZCTA5 75226,3471,48,75226,4875226,3.471
ZCTA5 75969,3569,48,75969,4875969,3.569
ZCTA5 75125,5110,48,75125,4875125,5.11
ZCTA5 75094,12023,48,75094,4875094,12.023
ZCTA5 75227,39945,48,75227,4875227,39.945
ZCTA5 75414,2634,48,75414,4875414,2.634
ZCTA5 75440,5853,48,75440,4875440,5.853
ZCTA5 75558,1187,48,75558,4875558,1.187
ZCTA5 75751,13280,48,75751,4875751,13.28
ZCTA5 75929,1636,48,75929,4875929,1.636
ZCTA5 75148,5001,48,75148,4875148,5.001
ZCTA5 75231,22378,48,75231,4875231,22.378
ZCTA5 75448,607,48,75448,4875448,0.607
ZCTA5 75792,2131,48,75792,4875792,2.131
ZCTA5 75846,2768,48,75846,4875846,2.768
ZCTA5 75860,5552,48,75860,4875860,5.552
ZCTA5 75931,1743,48,75931,4875931,1.743
ZCTA5 75935,10884,48,75935,4875935,10.884
ZCTA5 75942,150,48,75942,4875942,0.15
ZCTA5 75951,10081,48,75951,4875951,10.081
ZCTA5 75978,143,48,75978,4875978,0.143
ZCTA5 75979,9129,48,75979,4875979,9.129
ZCTA5 75938,2718,48,75938,4875938,2.718
ZCTA5 75851,3431,48,75851,4875851,3.431
ZCTA5 75949,6996,48,75949,4875949,6.996
ZCTA5 75054,5030,48,75054,4875054,5.03
ZCTA5 75071,40624,48,75071,4875071,40.624
ZCTA5 75109,4042,48,75109,4875109,4.042
ZCTA5 75156,15241,48,75156,4875156,15.241
ZCTA5 75157,185,48,75157,4875157,0.185
ZCTA5 75254,9648,48,75254,4875254,9.648
ZCTA5 75390,0,48,75390,4875390,0.0
ZCTA5 75642,71,48,75642,4875642,0.071
ZCTA5 75645,9025,48,75645,4875645,9.025
ZCTA5 75682,484,48,75682,4875682,0.484
ZCTA5 75752,6752,48,75752,4875752,6.752
ZCTA5 75779,49,48,75779,4875779,0.049
ZCTA5 75780,238,48,75780,4875780,0.238
ZCTA5 75803,16836,48,75803,4875803,16.836
ZCTA5 75832,46,48,75832,4875832,0.046
ZCTA5 75962,2370,48,75962,4875962,2.37
ZCTA5 75784,728,48,75784,4875784,0.728
ZCTA5 75438,842,48,75438,4875438,0.842
ZCTA5 75974,2530,48,75974,4875974,2.53
ZCTA5 75976,513,48,75976,4875976,0.513
ZCTA5 75965,14115,48,75965,4875965,14.115
ZCTA5 77480,6964,48,77480,4877480,6.964
ZCTA5 77505,21286,48,77505,4877505,21.286
ZCTA5 77515,25224,48,77515,4877515,25.224
ZCTA5 77519,1129,48,77519,4877519,1.129
ZCTA5 77531,13123,48,77531,4877531,13.123
ZCTA5 77534,2180,48,77534,4877534,2.18
ZCTA5 77536,29876,48,77536,4877536,29.876
ZCTA5 77538,820,48,77538,4877538,0.82
ZCTA5 77546,43610,48,77546,4877546,43.61
ZCTA5 77563,8480,48,77563,4877563,8.48
ZCTA5 77581,38811,48,77581,4877581,38.811
ZCTA5 77583,21185,48,77583,4877583,21.185
ZCTA5 77587,13067,48,77587,4877587,13.067
ZCTA5 77616,548,48,77616,4877616,0.548
ZCTA5 77624,502,48,77624,4877624,0.502
ZCTA5 77640,4887,48,77640,4877640,4.887
ZCTA5 77662,25286,48,77662,4877662,25.286
ZCTA5 77665,5738,48,77665,4877665,5.738
ZCTA5 75421,339,48,75421,4875421,0.339
ZCTA5 75453,2546,48,75453,4875453,2.546
ZCTA5 75252,14350,48,75252,4875252,14.35
ZCTA5 75253,18491,48,75253,4875253,18.491
ZCTA5 75287,26698,48,75287,4875287,26.698
ZCTA5 75409,12820,48,75409,4875409,12.82
ZCTA5 75411,1171,48,75411,4875411,1.171
ZCTA5 75416,2901,48,75416,4875416,2.901
ZCTA5 75441,122,48,75441,4875441,0.122
ZCTA5 75446,2806,48,75446,4875446,2.806
ZCTA5 75474,13092,48,75474,4875474,13.092
ZCTA5 75477,987,48,75477,4875477,0.987
ZCTA5 75492,388,48,75492,4875492,0.388
ZCTA5 75561,4333,48,75561,4875561,4.333
ZCTA5 75565,154,48,75565,4875565,0.154
ZCTA5 75572,3164,48,75572,4875572,3.164
ZCTA5 75605,24310,48,75605,4875605,24.31
ZCTA5 75639,2040,48,75639,4875639,2.04
ZCTA5 75670,8966,48,75670,4875670,8.966
ZCTA5 75684,6301,48,75684,4875684,6.301
ZCTA5 75692,3499,48,75692,4875692,3.499
ZCTA5 75708,7010,48,75708,4875708,7.01
ZCTA5 75750,2849,48,75750,4875750,2.849
ZCTA5 75759,15,48,75759,4875759,0.015
ZCTA5 75778,3042,48,75778,4875778,3.042
ZCTA5 75035,42741,48,75035,4875035,42.741
ZCTA5 75038,9910,48,75038,4875038,9.91
ZCTA5 75051,29872,48,75051,4875051,29.872
ZCTA5 75060,30844,48,75060,4875060,30.844
ZCTA5 75856,98,48,75856,4875856,0.098
ZCTA5 75024,22328,48,75024,4875024,22.328
ZCTA5 75028,37754,48,75028,4875028,37.754
ZCTA5 75039,7953,48,75039,4875039,7.953
ZCTA5 75041,23546,48,75041,4875041,23.546
ZCTA5 75043,36227,48,75043,4875043,36.227
ZCTA5 75056,42043,48,75056,4875056,42.043
ZCTA5 75076,7419,48,75076,4875076,7.419
ZCTA5 75102,993,48,75102,4875102,0.993
ZCTA5 75082,15447,48,75082,4875082,15.447
ZCTA5 75093,33937,48,75093,4875093,33.937
ZCTA5 75103,13281,48,75103,4875103,13.281
ZCTA5 75116,13053,48,75116,4875116,13.053
ZCTA5 75117,3453,48,75117,4875117,3.453
ZCTA5 75126,35309,48,75126,4875126,35.309
ZCTA5 75132,1476,48,75132,4875132,1.476
ZCTA5 75137,9251,48,75137,4875137,9.251
ZCTA5 75149,36791,48,75149,4875149,36.791
ZCTA5 75150,40815,48,75150,4875150,40.815
ZCTA5 75202,1480,48,75202,4875202,1.48
ZCTA5 75205,22648,48,75205,4875205,22.648
ZCTA5 75214,29454,48,75214,4875214,29.454
ZCTA5 75251,1857,48,75251,4875251,1.857
ZCTA5 75562,144,48,75562,4875562,0.144
ZCTA5 75570,7172,48,75570,4875570,7.172
ZCTA5 75601,12290,48,75601,4875601,12.29
ZCTA5 75638,3331,48,75638,4875638,3.331
ZCTA5 75651,1831,48,75651,4875651,1.831
ZCTA5 75654,10062,48,75654,4875654,10.062
ZCTA5 75704,8316,48,75704,4875704,8.316
ZCTA5 75756,4375,48,75756,4875756,4.375
ZCTA5 75757,10874,48,75757,4875757,10.874
ZCTA5 75760,2136,48,75760,4875760,2.136
ZCTA5 75765,6125,48,75765,4875765,6.125
ZCTA5 75771,18734,48,75771,4875771,18.734
ZCTA5 75773,12121,48,75773,4875773,12.121
ZCTA5 75790,3780,48,75790,4875790,3.78
ZCTA5 75831,4979,48,75831,4875831,4.979
ZCTA5 76251,636,48,76251,4876251,0.636
ZCTA5 76268,268,48,76268,4876268,0.268
ZCTA5 75839,4684,48,75839,4875839,4.684
ZCTA5 75848,122,48,75848,4875848,0.122
ZCTA5 75849,63,48,75849,4875849,0.063
ZCTA5 75858,0,48,75858,4875858,0.0
ZCTA5 75904,25662,48,75904,4875904,25.662
ZCTA5 75932,1555,48,75932,4875932,1.555
ZCTA5 75937,794,48,75937,4875937,0.794
ZCTA5 75956,7435,48,75956,4875956,7.435
ZCTA5 75973,2038,48,75973,4875973,2.038
ZCTA5 75211,66002,48,75211,4875211,66.002
ZCTA5 75449,1099,48,75449,4875449,1.099
ZCTA5 75480,1483,48,75480,4875480,1.483
ZCTA5 75459,4844,48,75459,4875459,4.844
ZCTA5 75468,732,48,75468,4875468,0.732
ZCTA5 75475,148,48,75475,4875475,0.148
ZCTA5 75487,1789,48,75487,4875487,1.789
ZCTA5 75490,2260,48,75490,4875490,2.26
ZCTA5 75503,19102,48,75503,4875503,19.102
ZCTA5 75555,1453,48,75555,4875555,1.453
ZCTA5 75568,2106,48,75568,4875568,2.106
ZCTA5 75975,2868,48,75975,4875975,2.868
ZCTA5 75901,24579,48,75901,4875901,24.579
ZCTA5 75928,306,48,75928,4875928,0.306
ZCTA5 75948,5726,48,75948,4875948,5.726
ZCTA5 75954,2496,48,75954,4875954,2.496
ZCTA5 75960,364,48,75960,4875960,0.364
ZCTA5 75001,8305,48,75001,4875001,8.305
ZCTA5 75013,25758,48,75013,4875013,25.758
ZCTA5 75022,20277,48,75022,4875022,20.277
ZCTA5 75034,73107,48,75034,4875034,73.107
ZCTA5 75040,41560,48,75040,4875040,41.56
ZCTA5 75050,30239,48,75050,4875050,30.239
ZCTA5 75052,48428,48,75052,4875052,48.428
ZCTA5 75061,33757,48,75061,4875061,33.757
ZCTA5 75063,12538,48,75063,4875063,12.538
ZCTA5 75078,19804,48,75078,4875078,19.804
ZCTA5 75081,23023,48,75081,4875081,23.023
ZCTA5 75119,22626,48,75119,4875119,22.626
ZCTA5 75124,3829,48,75124,4875124,3.829
ZCTA5 75146,5313,48,75146,4875146,5.313
ZCTA5 75172,2946,48,75172,4875172,2.946
ZCTA5 75181,15789,48,75181,4875181,15.789
ZCTA5 75206,29989,48,75206,4875206,29.989
ZCTA5 75007,38021,48,75007,4875007,38.021
ZCTA5 75009,10747,48,75009,4875009,10.747
ZCTA5 75020,19126,48,75020,4875020,19.126
ZCTA5 75067,43264,48,75067,4875067,43.264
ZCTA5 75080,38646,48,75080,4875080,38.646
ZCTA5 75090,19154,48,75090,4875090,19.154
ZCTA5 75104,17816,48,75104,4875104,17.816
ZCTA5 75110,19896,48,75110,4875110,19.896
ZCTA5 75140,6985,48,75140,4875140,6.985
ZCTA5 75153,288,48,75153,4875153,0.288
ZCTA5 75159,15163,48,75159,4875159,15.163
ZCTA5 75161,5745,48,75161,4875161,5.745
ZCTA5 75208,25095,48,75208,4875208,25.095
ZCTA5 75219,18794,48,75219,4875219,18.794
ZCTA5 75232,12198,48,75232,4875232,12.198
ZCTA5 75233,9269,48,75233,4875233,9.269
ZCTA5 75248,24421,48,75248,4875248,24.421
ZCTA5 75270,0,48,75270,4875270,0.0
ZCTA5 75412,553,48,75412,4875412,0.553
ZCTA5 75420,831,48,75420,4875420,0.831
ZCTA5 75424,2906,48,75424,4875424,2.906
ZCTA5 75432,3036,48,75432,4875432,3.036
ZCTA5 75442,8633,48,75442,4875442,8.633
ZCTA5 75460,16585,48,75460,4875460,16.585
ZCTA5 75470,434,48,75470,4875470,0.434
ZCTA5 75476,1008,48,75476,4875476,1.008
ZCTA5 75482,20570,48,75482,4875482,20.57
ZCTA5 75044,24623,48,75044,4875044,24.623
ZCTA5 75662,20823,48,75662,4875662,20.823
ZCTA5 75701,26111,48,75701,4875701,26.111
ZCTA5 75709,3318,48,75709,4875709,3.318
ZCTA5 75755,4704,48,75755,4875755,4.704
ZCTA5 75048,16629,48,75048,4875048,16.629
ZCTA5 75068,40378,48,75068,4875068,40.378
ZCTA5 75070,74967,48,75070,4875070,74.967
ZCTA5 75087,30220,48,75087,4875087,30.22
ZCTA5 75092,20778,48,75092,4875092,20.778
ZCTA5 75115,14063,48,75115,4875115,14.063
ZCTA5 75127,1657,48,75127,4875127,1.657
ZCTA5 75142,16994,48,75142,4875142,16.994
ZCTA5 75155,2330,48,75155,4875155,2.33
ZCTA5 75164,492,48,75164,4875164,0.492
ZCTA5 75454,8183,48,75454,4875454,8.183
ZCTA5 75455,19625,48,75455,4875455,19.625
ZCTA5 75478,840,48,75478,4875478,0.84
ZCTA5 75481,355,48,75481,4875481,0.355
ZCTA5 75488,464,48,75488,4875488,0.464
ZCTA5 75494,8330,48,75494,4875494,8.33
ZCTA5 75497,3240,48,75497,4875497,3.24
ZCTA5 75554,1980,48,75554,4875554,1.98
ZCTA5 75556,1175,48,75556,4875556,1.175
ZCTA5 75566,521,48,75566,4875566,0.521
ZCTA5 75567,4739,48,75567,4875567,4.739
ZCTA5 75641,41,48,75641,4875641,0.041
ZCTA5 76865,144,48,76865,4876865,0.144
ZCTA5 76877,3559,48,76877,4876877,3.559
ZCTA5 76945,1574,48,76945,4876945,1.574
ZCTA5 76951,1037,48,76951,4876951,1.037
ZCTA5 76656,2281,48,76656,4876656,2.281
ZCTA5 76681,651,48,76681,4876681,0.651
ZCTA5 76661,4381,48,76661,4876661,4.381
ZCTA5 76666,281,48,76666,4876666,0.281
ZCTA5 76676,262,48,76676,4876676,0.262
ZCTA5 76678,258,48,76678,4876678,0.258
ZCTA5 76686,184,48,76686,4876686,0.184
ZCTA5 76001,18948,48,76001,4876001,18.948
ZCTA5 76010,40566,48,76010,4876010,40.566
ZCTA5 76088,11199,48,76088,4876088,11.199
ZCTA5 76103,8002,48,76103,4876103,8.002
ZCTA5 76119,16152,48,76119,4876119,16.152
ZCTA5 76127,1461,48,76127,4876127,1.461
ZCTA5 76357,595,48,76357,4876357,0.595
ZCTA5 76238,350,48,76238,4876238,0.35
ZCTA5 76247,12776,48,76247,4876247,12.776
ZCTA5 76265,1582,48,76265,4876265,1.582
ZCTA5 76426,11427,48,76426,4876426,11.427
ZCTA5 76437,5171,48,76437,4876437,5.171
ZCTA5 76538,787,48,76538,4876538,0.787
ZCTA5 76544,17071,48,76544,4876544,17.071
ZCTA5 76569,2140,48,76569,4876569,2.14
ZCTA5 76578,1288,48,76578,4876578,1.288
ZCTA5 76624,1899,48,76624,4876624,1.899
ZCTA5 76627,1474,48,76627,4876627,1.474
ZCTA5 76634,6908,48,76634,4876634,6.908
ZCTA5 76639,1333,48,76639,4876639,1.333
ZCTA5 76652,1317,48,76652,4876652,1.317
ZCTA5 76679,1247,48,76679,4876679,1.247
ZCTA5 76802,4888,48,76802,4876802,4.888
ZCTA5 76828,214,48,76828,4876828,0.214
ZCTA5 76849,3410,48,76849,4876849,3.41
ZCTA5 76852,198,48,76852,4876852,0.198
ZCTA5 76866,663,48,76866,4876866,0.663
ZCTA5 76002,14506,48,76002,4876002,14.506
ZCTA5 76016,25110,48,76016,4876016,25.11
ZCTA5 76023,6316,48,76023,4876023,6.316
ZCTA5 76035,1562,48,76035,4876035,1.562
ZCTA5 76049,28023,48,76049,4876049,28.023
ZCTA5 76051,41885,48,76051,4876051,41.885
ZCTA5 76055,2208,48,76055,4876055,2.208
ZCTA5 76063,49961,48,76063,4876063,49.961
ZCTA5 76066,2394,48,76066,4876066,2.394
ZCTA5 76086,21032,48,76086,4876086,21.032
ZCTA5 76087,25418,48,76087,4876087,25.418
ZCTA5 76115,11415,48,76115,4876115,11.415
ZCTA5 76123,16760,48,76123,4876123,16.76
ZCTA5 76135,20316,48,76135,4876135,20.316
ZCTA5 76201,21074,48,76201,4876201,21.074
ZCTA5 76207,12228,48,76207,4876207,12.228
ZCTA5 76252,2703,48,76252,4876252,2.703
ZCTA5 76264,1383,48,76264,4876264,1.383
ZCTA5 76309,11149,48,76309,4876309,11.149
ZCTA5 76310,16187,48,76310,4876310,16.187
ZCTA5 76363,398,48,76363,4876363,0.398
ZCTA5 76453,1221,48,76453,4876453,1.221
ZCTA5 76469,78,48,76469,4876469,0.078
ZCTA5 76470,3260,48,76470,4876470,3.26
ZCTA5 76481,255,48,76481,4876481,0.255
ZCTA5 76523,0,48,76523,4876523,0.0
ZCTA5 76525,1011,48,76525,4876525,1.011
ZCTA5 76528,14880,48,76528,4876528,14.88
ZCTA5 76301,9406,48,76301,4876301,9.406
ZCTA5 76882,233,48,76882,4876882,0.233
ZCTA5 78041,44980,48,78041,4878041,44.98
ZCTA5 78056,1636,48,78056,4878056,1.636
ZCTA5 78059,5456,48,78059,4878059,5.456
ZCTA5 78071,3725,48,78071,4878071,3.725
ZCTA5 78107,340,48,78107,4878107,0.34
ZCTA5 78112,7443,48,78112,4878112,7.443
ZCTA5 78114,21363,48,78114,4878114,21.363
ZCTA5 78118,3094,48,78118,4878118,3.094
ZCTA5 78124,4763,48,78124,4878124,4.763
ZCTA5 78142,154,48,78142,4878142,0.154
ZCTA5 78159,670,48,78159,4878159,0.67
ZCTA5 78145,145,48,78145,4878145,0.145
ZCTA5 78147,2082,48,78147,4878147,2.082
ZCTA5 78151,1185,48,78151,4878151,1.185
ZCTA5 78214,22826,48,78214,4878214,22.826
ZCTA5 78244,18039,48,78244,4878244,18.039
ZCTA5 78252,10010,48,78252,4878252,10.01
ZCTA5 78344,353,48,78344,4878344,0.353
ZCTA5 78349,549,48,78349,4878349,0.549
ZCTA5 78362,8925,48,78362,4878362,8.925
ZCTA5 78537,40336,48,78537,4878537,40.336
ZCTA5 78560,4871,48,78560,4878560,4.871
ZCTA5 78562,3633,48,78562,4878562,3.633
ZCTA5 78569,4050,48,78569,4878569,4.05
ZCTA5 78579,4346,48,78579,4878579,4.346
ZCTA5 78584,18542,48,78584,4878584,18.542
ZCTA5 78596,55444,48,78596,4878596,55.444
ZCTA5 78641,55754,48,78641,4878641,55.754
ZCTA5 78655,2995,48,78655,4878655,2.995
ZCTA5 78661,230,48,78661,4878661,0.23
ZCTA5 78605,5872,48,78605,4878605,5.872
ZCTA5 78611,12240,48,78611,4878611,12.24
ZCTA5 78619,4221,48,78619,4878619,4.221
ZCTA5 78648,6024,48,78648,4878648,6.024
ZCTA5 78653,10971,48,78653,4878653,10.971
ZCTA5 78729,23169,48,78729,4878729,23.169
ZCTA5 78638,1998,48,78638,4878638,1.998
ZCTA5 78618,298,48,78618,4878618,0.298
ZCTA5 78620,16042,48,78620,4878620,16.042
ZCTA5 78629,7718,48,78629,4878629,7.718
ZCTA5 78645,10673,48,78645,4878645,10.673
ZCTA5 78650,1260,48,78650,4878650,1.26
ZCTA5 78662,2172,48,78662,4878662,2.172
ZCTA5 78719,1170,48,78719,4878719,1.17
ZCTA5 78723,21822,48,78723,4878723,21.822
ZCTA5 78010,2592,48,78010,4878010,2.592
ZCTA5 78014,4111,48,78014,4878014,4.111
ZCTA5 78023,25454,48,78023,4878023,25.454
ZCTA5 78025,4408,48,78025,4878025,4.408
ZCTA5 78061,9732,48,78061,4878061,9.732
ZCTA5 78073,8070,48,78073,4878073,8.07
ZCTA5 78738,13640,48,78738,4878738,13.64
ZCTA5 78067,579,48,78067,4878067,0.579
ZCTA5 78072,458,48,78072,4878072,0.458
ZCTA5 78116,275,48,78116,4878116,0.275
ZCTA5 78418,26808,48,78418,4878418,26.808
ZCTA5 78576,10600,48,78576,4878576,10.6
ZCTA5 78578,11159,48,78578,4878578,11.159
ZCTA5 78586,52656,48,78586,4878586,52.656
ZCTA5 79382,6401,48,79382,4879382,6.401
ZCTA5 79415,12044,48,79415,4879415,12.044
ZCTA5 79508,1338,48,79508,4879508,1.338
ZCTA5 79512,5939,48,79512,4879512,5.939
ZCTA5 79527,187,48,79527,4879527,0.187
ZCTA5 79532,671,48,79532,4879532,0.671
ZCTA5 79540,77,48,79540,4879540,0.077
ZCTA5 79541,970,48,79541,4879541,0.97
ZCTA5 79701,24097,48,79701,4879701,24.097
ZCTA5 79748,151,48,79748,4879748,0.151
ZCTA5 79754,99,48,79754,4879754,0.099
ZCTA5 79783,272,48,79783,4879783,0.272
ZCTA5 79842,405,48,79842,4879842,0.405
ZCTA5 79907,40942,48,79907,4879907,40.942
ZCTA5 79567,3195,48,79567,4879567,3.195
ZCTA5 79719,574,48,79719,4879719,0.574
ZCTA5 79730,69,48,79730,4879730,0.069
ZCTA5 79756,8185,48,79756,4879756,8.185
ZCTA5 79759,16,48,79759,4879759,0.016
ZCTA5 79765,11551,48,79765,4879765,11.551
ZCTA5 79109,38413,48,79109,4879109,38.413
ZCTA5 79225,920,48,79225,4879225,0.92
ZCTA5 79226,2613,48,79226,4879226,2.613
ZCTA5 79227,1235,48,79227,4879227,1.235
ZCTA5 79234,24,48,79234,4879234,0.024
ZCTA5 79248,1159,48,79248,4879248,1.159
ZCTA5 79251,15,48,79251,4879251,0.015
ZCTA5 79256,218,48,79256,4879256,0.218
ZCTA5 79257,822,48,79257,4879257,0.822
ZCTA5 79261,306,48,79261,4879261,0.306
ZCTA5 79336,15267,48,79336,4879336,15.267
ZCTA5 79339,5626,48,79339,4879339,5.626
ZCTA5 79344,72,48,79344,4879344,0.072
ZCTA5 79781,253,48,79781,4879781,0.253
ZCTA5 79785,71,48,79785,4879785,0.071
ZCTA5 79831,4,48,79831,4879831,0.004
ZCTA5 79843,2129,48,79843,4879843,2.129
ZCTA5 79124,7701,48,79124,4879124,7.701
ZCTA5 79062,190,48,79062,4879062,0.19
ZCTA5 79091,132,48,79091,4879091,0.132
ZCTA5 79237,399,48,79237,4879237,0.399
ZCTA5 79244,708,48,79244,4879244,0.708
ZCTA5 79346,2045,48,79346,4879346,2.045
ZCTA5 79351,1236,48,79351,4879351,1.236
ZCTA5 79749,361,48,79749,4879749,0.361
ZCTA5 79755,80,48,79755,4879755,0.08
ZCTA5 79764,17372,48,79764,4879764,17.372
ZCTA5 79788,501,48,79788,4879788,0.501
ZCTA5 79789,764,48,79789,4879789,0.764
ZCTA5 79849,8438,48,79849,4879849,8.438
ZCTA5 79782,3776,48,79782,4879782,3.776
ZCTA5 79851,854,48,79851,4879851,0.854
ZCTA5 79010,862,48,79010,4879010,0.862
ZCTA5 79036,4674,48,79036,4879036,4.674
ZCTA5 79355,1722,48,79355,4879355,1.722
ZCTA5 79016,101,48,79016,4879016,0.101
ZCTA5 79058,0,48,79058,4879058,0.0
ZCTA5 79085,13,48,79085,4879085,0.013
ZCTA5 79094,51,48,79094,4879094,0.051
ZCTA5 79105,0,48,79105,4879105,0.0
ZCTA5 79258,47,48,79258,4879258,0.047
ZCTA5 79699,73,48,79699,4879699,0.073
ZCTA5 79770,69,48,79770,4879770,0.069
ZCTA5 79911,4976,48,79911,4879911,4.976
ZCTA5 79916,1596,48,79916,4879916,1.596
ZCTA5 79920,6,48,79920,4879920,0.006
ZCTA5 79928,49714,48,79928,4879928,49.714
ZCTA5 76841,25,48,76841,4876841,0.025
ZCTA5 76844,3651,48,76844,4876844,3.651
ZCTA5 76874,0,48,76874,4876874,0.0
ZCTA5 76875,482,48,76875,4876875,0.482
ZCTA5 76878,1544,48,76878,4876878,1.544
ZCTA5 76935,1743,48,76935,4876935,1.743
ZCTA5 76941,1095,48,76941,4876941,1.095
ZCTA5 76955,180,48,76955,4876955,0.18
ZCTA5 76226,22895,48,76226,4876226,22.895
ZCTA5 76227,25741,48,76227,4876227,25.741
ZCTA5 76651,2551,48,76651,4876651,2.551
ZCTA5 76680,217,48,76680,4876680,0.217
ZCTA5 77831,2702,48,77831,4877831,2.702
ZCTA5 77837,1009,48,77837,4877837,1.009
ZCTA5 77840,43772,48,77840,4877840,43.772
ZCTA5 77969,127,48,77969,4877969,0.127
ZCTA5 77990,816,48,77990,4877990,0.816
ZCTA5 77016,10672,48,77016,4877016,10.672
ZCTA5 77018,23027,48,77018,4877018,23.027
ZCTA5 77029,13280,48,77029,4877029,13.28
ZCTA5 77044,29570,48,77044,4877044,29.57
ZCTA5 77048,4161,48,77048,4877048,4.161
ZCTA5 77051,2466,48,77051,4877051,2.466
ZCTA5 77054,8210,48,77054,4877054,8.21
ZCTA5 75230,23053,48,75230,4875230,23.053
ZCTA5 75236,9063,48,75236,4875236,9.063
ZCTA5 75410,5515,48,75410,4875410,5.515
ZCTA5 75435,1192,48,75435,4875435,1.192
ZCTA5 75437,1333,48,75437,4875437,1.333
ZCTA5 75167,10449,48,75167,4875167,10.449
ZCTA5 75180,17062,48,75180,4875180,17.062
ZCTA5 75203,10053,48,75203,4875203,10.053
ZCTA5 75209,10882,48,75209,4875209,10.882
ZCTA5 75215,4257,48,75215,4875215,4.257
ZCTA5 75218,18691,48,75218,4875218,18.691
ZCTA5 75228,45201,48,75228,4875228,45.201
ZCTA5 75234,24847,48,75234,4875234,24.847
ZCTA5 75237,2911,48,75237,4875237,2.911
ZCTA5 75247,311,48,75247,4875247,0.311
ZCTA5 75401,10988,48,75401,4875401,10.988
ZCTA5 75402,14748,48,75402,4875402,14.748
ZCTA5 75407,14330,48,75407,4875407,14.33
ZCTA5 75418,11989,48,75418,4875418,11.989
ZCTA5 75431,1865,48,75431,4875431,1.865
ZCTA5 75450,141,48,75450,4875450,0.141
ZCTA5 75451,1076,48,75451,4875451,1.076
ZCTA5 75452,3909,48,75452,4875452,3.909
ZCTA5 75471,1004,48,75471,4875471,1.004
ZCTA5 75489,1034,48,75489,4875489,1.034
ZCTA5 75495,7919,48,75495,4875495,7.919
ZCTA5 75551,7874,48,75551,4875551,7.874
ZCTA5 77485,3367,48,77485,4877485,3.367
ZCTA5 77502,33361,48,77502,4877502,33.361
ZCTA5 77547,7643,48,77547,4877547,7.643
ZCTA5 77597,751,48,77597,4877597,0.751
ZCTA5 77629,643,48,77629,4877629,0.643
ZCTA5 77632,20941,48,77632,4877632,20.941
ZCTA5 77642,22467,48,77642,4877642,22.467
ZCTA5 77664,2261,48,77664,4877664,2.261
ZCTA5 77701,5817,48,77701,4877701,5.817
ZCTA5 77010,742,48,77010,4877010,0.742
ZCTA5 77020,14740,48,77020,4877020,14.74
ZCTA5 77021,5384,48,77021,4877021,5.384
ZCTA5 75447,1210,48,75447,4875447,1.21
ZCTA5 75462,10313,48,75462,4875462,10.313
ZCTA5 75469,262,48,75469,4875469,0.262
ZCTA5 75473,3403,48,75473,4875473,3.403
ZCTA5 75479,1731,48,75479,4875479,1.731
ZCTA5 75486,2053,48,75486,4875486,2.053
ZCTA5 75496,3469,48,75496,4875496,3.469
ZCTA5 75550,544,48,75550,4875550,0.544
ZCTA5 75560,677,48,75560,4875560,0.677
ZCTA5 75574,1633,48,75574,4875574,1.633
ZCTA5 75631,2810,48,75631,4875631,2.81
ZCTA5 75077,30167,48,75077,4875077,30.167
ZCTA5 75569,2562,48,75569,4875569,2.562
ZCTA5 75573,33,48,75573,4875573,0.033
ZCTA5 75966,3296,48,75966,4875966,3.296
ZCTA5 75643,2351,48,75643,4875643,2.351
ZCTA5 75681,1794,48,75681,4875681,1.794
ZCTA5 75683,3332,48,75683,4875683,3.332
ZCTA5 75691,2945,48,75691,4875691,2.945
ZCTA5 75785,9015,48,75785,4875785,9.015
ZCTA5 75791,12046,48,75791,4875791,12.046
ZCTA5 75833,2628,48,75833,4875833,2.628
ZCTA5 75835,6647,48,75835,4875835,6.647
ZCTA5 75861,5659,48,75861,4875861,5.659
ZCTA5 75925,3143,48,75925,4875925,3.143
ZCTA5 75936,1067,48,75936,4875936,1.067
ZCTA5 75943,1072,48,75943,4875943,1.072
ZCTA5 75788,109,48,75788,4875788,0.109
ZCTA5 75838,511,48,75838,4875838,0.511
ZCTA5 75847,1443,48,75847,4875847,1.443
ZCTA5 75852,2522,48,75852,4875852,2.522
ZCTA5 75862,8692,48,75862,4875862,8.692
ZCTA5 75926,955,48,75926,4875926,0.955
ZCTA5 75939,3810,48,75939,4875939,3.81
ZCTA5 75946,2492,48,75946,4875946,2.492
ZCTA5 75968,1522,48,75968,4875968,1.522
ZCTA5 75062,28284,48,75062,4875062,28.284
ZCTA5 75069,30025,48,75069,4875069,30.025
ZCTA5 75098,42053,48,75098,4875098,42.053
ZCTA5 75105,178,48,75105,4875105,0.178
ZCTA5 75141,3320,48,75141,4875141,3.32
ZCTA5 75147,6543,48,75147,4875147,6.543
ZCTA5 75154,25273,48,75154,4875154,25.273
ZCTA5 75158,3508,48,75158,4875158,3.508
ZCTA5 75223,12294,48,75223,4875223,12.294
ZCTA5 75225,19999,48,75225,4875225,19.999
ZCTA5 75229,28437,48,75229,4875229,28.437
ZCTA5 75235,14248,48,75235,4875235,14.248
ZCTA5 75241,5235,48,75241,4875241,5.235
ZCTA5 75244,9521,48,75244,4875244,9.521
ZCTA5 75415,160,48,75415,4875415,0.16
ZCTA5 76630,1260,48,76630,4876630,1.26
ZCTA5 76177,7240,48,76177,4876177,7.24
ZCTA5 76208,20768,48,76208,4876208,20.768
ZCTA5 76041,248,48,76041,4876041,0.248
ZCTA5 76082,18076,48,76082,4876082,18.076
ZCTA5 76133,35282,48,76133,4876133,35.282
ZCTA5 76258,6494,48,76258,4876258,6.494
ZCTA5 76008,16570,48,76008,4876008,16.57
ZCTA5 76364,147,48,76364,4876364,0.147
ZCTA5 76366,1735,48,76366,4876366,1.735
ZCTA5 76430,2216,48,76430,4876430,2.216
ZCTA5 76311,6235,48,76311,4876311,6.235
ZCTA5 77530,26451,48,77530,4877530,26.451
ZCTA5 77550,14624,48,77550,4877550,14.624
ZCTA5 77571,30694,48,77571,4877571,30.694
ZCTA5 77584,47126,48,77584,4877584,47.126
ZCTA5 77614,278,48,77614,4877614,0.278
ZCTA5 77623,439,48,77623,4877623,0.439
ZCTA5 77625,8990,48,77625,4877625,8.99
ZCTA5 77650,1860,48,77650,4877650,1.86
ZCTA5 77656,13531,48,77656,4877656,13.531
ZCTA5 77659,4294,48,77659,4877659,4.294
ZCTA5 77855,195,48,77855,4877855,0.195
ZCTA5 77865,2147,48,77865,4877865,2.147
ZCTA5 77873,940,48,77873,4877873,0.94
ZCTA5 77901,36443,48,77901,4877901,36.443
ZCTA5 79423,33107,48,79423,4879423,33.107
ZCTA5 79424,40563,48,79424,4879424,40.563
ZCTA5 75166,3395,48,75166,4875166,3.395
ZCTA5 75169,12757,48,75169,4875169,12.757
ZCTA5 75189,23013,48,75189,4875189,23.013
ZCTA5 75207,3827,48,75207,4875207,3.827
ZCTA5 77904,24647,48,77904,4877904,24.647
ZCTA5 77951,1647,48,77951,4877951,1.647
ZCTA5 77954,7799,48,77954,4877954,7.799
ZCTA5 77973,0,48,77973,4877973,0.0
ZCTA5 77983,2064,48,77983,4877983,2.064
ZCTA5 77083,27072,48,77083,4877083,27.072
ZCTA5 77367,55,48,77367,4877367,0.055
ZCTA5 77354,31103,48,77354,4877354,31.103
ZCTA5 77358,4356,48,77358,4877358,4.356
ZCTA5 77363,2606,48,77363,4877363,2.606
ZCTA5 77369,550,48,77369,4877369,0.55
ZCTA5 77380,21178,48,77380,4877380,21.178
ZCTA5 77401,13913,48,77401,4877401,13.913
ZCTA5 77412,55,48,77412,4877412,0.055
ZCTA5 77430,1997,48,77430,4877430,1.997
ZCTA5 77433,53732,48,77433,4877433,53.732
ZCTA5 77442,576,48,77442,4877442,0.576
ZCTA5 77457,387,48,77457,4877457,0.387
ZCTA5 77458,63,48,77458,4877458,0.063
ZCTA5 77461,10053,48,77461,4877461,10.053
ZCTA5 77467,13,48,77467,4877467,0.013
ZCTA5 77471,29905,48,77471,4877471,29.905
ZCTA5 77483,174,48,77483,4877483,0.174
ZCTA5 77504,19790,48,77504,4877504,19.79
ZCTA5 77545,5249,48,77545,4877545,5.249
ZCTA5 77566,25187,48,77566,4877566,25.187
ZCTA5 77575,12286,48,77575,4877575,12.286
ZCTA5 77578,12127,48,77578,4877578,12.127
ZCTA5 77611,8370,48,77611,4877611,8.37
ZCTA5 77617,24,48,77617,4877617,0.024
ZCTA5 77622,1270,48,77622,4877622,1.27
ZCTA5 77655,315,48,77655,4877655,0.315
ZCTA5 77338,19702,48,77338,4877338,19.702
ZCTA5 77339,34764,48,77339,4877339,34.764
ZCTA5 77362,5559,48,77362,4877362,5.559
ZCTA5 77364,1313,48,77364,4877364,1.313
ZCTA5 77365,30033,48,77365,4877365,30.033
ZCTA5 77371,6835,48,77371,4877371,6.835
ZCTA5 77429,68313,48,77429,4877429,68.313
ZCTA5 77444,593,48,77444,4877444,0.593
ZCTA5 77454,15,48,77454,4877454,0.015
ZCTA5 77468,42,48,77468,4877468,0.042
ZCTA5 77473,17,48,77473,4877473,0.017
ZCTA5 77475,796,48,77475,4877475,0.796
ZCTA5 77489,6043,48,77489,4877489,6.043
ZCTA5 77507,0,48,77507,4877507,0.0
ZCTA5 77511,43211,48,77511,4877511,43.211
ZCTA5 77517,5262,48,77517,4877517,5.262
ZCTA5 77535,27768,48,77535,4877535,27.768
ZCTA5 77539,34455,48,77539,4877539,34.455
ZCTA5 77551,16410,48,77551,4877551,16.41
ZCTA5 77554,8066,48,77554,4877554,8.066
ZCTA5 77560,339,48,77560,4877560,0.339
ZCTA5 77562,9441,48,77562,4877562,9.441
ZCTA5 77590,22312,48,77590,4877590,22.312
ZCTA5 76014,17513,48,76014,4876014,17.513
ZCTA5 76018,12681,48,76018,4876018,12.681
ZCTA5 76044,3737,48,76044,4876044,3.737
ZCTA5 76064,1661,48,76064,4876064,1.661
ZCTA5 77857,517,48,77857,4877857,0.517
ZCTA5 77861,2275,48,77861,4877861,2.275
ZCTA5 77868,12337,48,77868,4877868,12.337
ZCTA5 77876,43,48,77876,4877876,0.043
ZCTA5 77880,735,48,77880,4877880,0.735
ZCTA5 77905,13802,48,77905,4877905,13.802
ZCTA5 77960,56,48,77960,4877960,0.056
ZCTA5 77963,4239,48,77963,4877963,4.239
ZCTA5 77978,646,48,77978,4877978,0.646
ZCTA5 77657,20966,48,77657,4877657,20.966
ZCTA5 77708,3462,48,77708,4877708,3.462
ZCTA5 77833,23623,48,77833,4877833,23.623
ZCTA5 77845,53075,48,77845,4877845,53.075
ZCTA5 77871,2564,48,77871,4877871,2.564
ZCTA5 77878,141,48,77878,4877878,0.141
ZCTA5 77995,6416,48,77995,4877995,6.416
ZCTA5 77004,13475,48,77004,4877004,13.475
ZCTA5 77008,29182,48,77008,4877008,29.182
ZCTA5 77006,18277,48,77006,4877006,18.277
ZCTA5 77009,29098,48,77009,4877009,29.098
ZCTA5 77014,10620,48,77014,4877014,10.62
ZCTA5 77031,6745,48,77031,4877031,6.745
ZCTA5 77034,31872,48,77034,4877034,31.872
ZCTA5 77055,21932,48,77055,4877055,21.932
ZCTA5 77072,21639,48,77072,4877072,21.639
ZCTA5 77035,18489,48,77035,4877035,18.489
ZCTA5 77041,21938,48,77041,4877041,21.938
ZCTA5 77050,2666,48,77050,4877050,2.666
ZCTA5 77063,24849,48,77063,4877063,24.849
ZCTA5 77071,8458,48,77071,4877071,8.458
ZCTA5 77074,30841,48,77074,4877074,30.841
ZCTA5 76631,517,48,76631,4876631,0.517
ZCTA5 76635,820,48,76635,4876635,0.82
ZCTA5 76638,2884,48,76638,4876638,2.884
ZCTA5 76673,1541,48,76673,4876673,1.541
ZCTA5 78666,66848,48,78666,4878666,66.848
ZCTA5 78671,535,48,78671,4878671,0.535
ZCTA5 78675,231,48,78675,4878675,0.231
ZCTA5 78676,12489,48,78676,4878676,12.489
ZCTA5 78717,18218,48,78717,4878717,18.218
ZCTA5 78737,14325,48,78737,4878737,14.325
ZCTA5 78747,14902,48,78747,4878747,14.902
ZCTA5 78749,30241,48,78749,4878749,30.241
ZCTA5 78757,20493,48,78757,4878757,20.493
ZCTA5 78836,162,48,78836,4878836,0.162
ZCTA5 78220,6733,48,78220,4878220,6.733
ZCTA5 78224,18977,48,78224,4878224,18.977
ZCTA5 78229,24034,48,78229,4878229,24.034
ZCTA5 78264,9679,48,78264,4878264,9.679
ZCTA5 78336,10086,48,78336,4878336,10.086
ZCTA5 78352,487,48,78352,4878352,0.487
ZCTA5 78368,9414,48,78368,4878368,9.414
ZCTA5 78384,4688,48,78384,4878384,4.688
ZCTA5 78412,35075,48,78412,4878412,35.075
ZCTA5 78413,35832,48,78413,4878413,35.832
ZCTA5 78538,10415,48,78538,4878538,10.415
ZCTA5 78539,30942,48,78539,4878539,30.942
ZCTA5 78550,47752,48,78550,4878550,47.752
ZCTA5 78575,11826,48,78575,4878575,11.826
ZCTA5 78589,39645,48,78589,4878589,39.645
ZCTA5 78606,4786,48,78606,4878606,4.786
ZCTA5 78065,10266,48,78065,4878065,10.266
ZCTA5 78045,62742,48,78045,4878045,62.742
ZCTA5 78052,7098,48,78052,4878052,7.098
ZCTA5 78064,14210,48,78064,4878064,14.21
ZCTA5 78108,24192,48,78108,4878108,24.192
ZCTA5 78130,67051,48,78130,4878130,67.051
ZCTA5 78146,492,48,78146,4878146,0.492
ZCTA5 78015,13073,48,78015,4878015,13.073
ZCTA5 78019,1344,48,78019,4878019,1.344
ZCTA5 78724,12065,48,78724,4878724,12.065
ZCTA5 78727,19830,48,78727,4878727,19.83
ZCTA5 77422,11051,48,77422,4877422,11.051
ZCTA5 77426,1357,48,77426,4877426,1.357
ZCTA5 77445,6940,48,77445,4877445,6.94
ZCTA5 77081,38694,48,77081,4877081,38.694
ZCTA5 77028,4112,48,77028,4877028,4.112
ZCTA5 77058,12907,48,77058,4877058,12.907
ZCTA5 77023,22894,48,77023,4877023,22.894
ZCTA5 77093,39481,48,77093,4877093,39.481
ZCTA5 77360,4813,48,77360,4877360,4.813
ZCTA5 77042,22350,48,77042,4877042,22.35
ZCTA5 77302,17659,48,77302,4877302,17.659
ZCTA5 77420,1857,48,77420,4877420,1.857
ZCTA5 77388,35357,48,77388,4877388,35.357
ZCTA5 77417,1826,48,77417,4877417,1.826
ZCTA5 77043,19914,48,77043,4877043,19.914
ZCTA5 77089,30722,48,77089,4877089,30.722
ZCTA5 77591,6105,48,77591,4877591,6.105
ZCTA5 77703,3229,48,77703,4877703,3.229
ZCTA5 77033,6794,48,77033,4877033,6.794
ZCTA5 77064,28623,48,77064,4877064,28.623
ZCTA5 77099,19397,48,77099,4877099,19.397
ZCTA5 77201,0,48,77201,4877201,0.0
ZCTA5 77328,14781,48,77328,4877328,14.781
ZCTA5 77342,0,48,77342,4877342,0.0
ZCTA5 77350,139,48,77350,4877350,0.139
ZCTA5 77377,29949,48,77377,4877377,29.949
ZCTA5 77406,35080,48,77406,4877406,35.08
ZCTA5 77407,21806,48,77407,4877407,21.806
ZCTA5 77436,48,48,77436,4877436,0.048
ZCTA5 77453,275,48,77453,4877453,0.275
ZCTA5 77460,77,48,77460,4877460,0.077
ZCTA5 77498,22814,48,77498,4877498,22.814
ZCTA5 77523,19918,48,77523,4877523,19.918
ZCTA5 77580,702,48,77580,4877580,0.702
ZCTA5 77661,462,48,77661,4877661,0.462
ZCTA5 77976,83,48,77976,4877976,0.083
ZCTA5 77987,238,48,77987,4877987,0.238
ZCTA5 77993,124,48,77993,4877993,0.124
ZCTA5 77032,6212,48,77032,4877032,6.212
ZCTA5 77053,13372,48,77053,4877053,13.372
ZCTA5 77056,16096,48,77056,4877056,16.096
ZCTA5 77065,23800,48,77065,4877065,23.8
ZCTA5 77069,12505,48,77069,4877069,12.505
ZCTA5 77070,35382,48,77070,4877070,35.382
ZCTA5 77320,26286,48,77320,4877320,26.286
ZCTA5 77345,25887,48,77345,4877345,25.887
ZCTA5 78148,15793,48,78148,4878148,15.793
ZCTA5 78024,1004,48,78024,4878024,1.004
ZCTA5 79363,5162,48,79363,4879363,5.162
ZCTA5 79376,32,48,79376,4879376,0.032
ZCTA5 79414,14802,48,79414,4879414,14.802
ZCTA5 79356,5049,48,79356,4879356,5.049
ZCTA5 78239,20356,48,78239,4878239,20.356
ZCTA5 78254,46942,48,78254,4878254,46.942
ZCTA5 78261,14328,48,78261,4878261,14.328
ZCTA5 78266,4996,48,78266,4878266,4.996
ZCTA5 78332,27607,48,78332,4878332,27.607
ZCTA5 78353,257,48,78353,4878353,0.257
ZCTA5 78503,14864,48,78503,4878503,14.864
ZCTA5 78577,72286,48,78577,4878577,72.286
ZCTA5 78932,554,48,78932,4878932,0.554
ZCTA5 78885,83,48,78885,4878885,0.083
ZCTA5 78870,832,48,78870,4878870,0.832
ZCTA5 78881,2028,48,78881,4878881,2.028
ZCTA5 78884,1220,48,78884,4878884,1.22
ZCTA5 78934,4652,48,78934,4878934,4.652
ZCTA5 78935,1272,48,78935,4878935,1.272
ZCTA5 78705,24285,48,78705,4878705,24.285
ZCTA5 78759,34341,48,78759,4878759,34.341
ZCTA5 78563,190,48,78563,4878563,0.19
ZCTA5 78133,16487,48,78133,4878133,16.487
ZCTA5 78258,36781,48,78258,4878258,36.781
ZCTA5 78404,16852,48,78404,4878404,16.852
ZCTA5 78580,14031,48,78580,4878580,14.031
ZCTA5 78639,7912,48,78639,4878639,7.912
ZCTA5 78628,30099,48,78628,4878628,30.099
ZCTA5 78728,14122,48,78728,4878728,14.122
ZCTA5 78736,8395,48,78736,4878736,8.395
ZCTA5 78750,22743,48,78750,4878750,22.743
ZCTA5 78753,34872,48,78753,4878753,34.872
ZCTA5 78827,1024,48,78827,4878827,1.024
ZCTA5 78832,3555,48,78832,4878832,3.555
ZCTA5 78839,8538,48,78839,4878839,8.538
ZCTA5 78861,12041,48,78861,4878861,12.041
ZCTA5 78938,287,48,78938,4878938,0.287
ZCTA5 78943,138,48,78943,4878943,0.138
ZCTA5 78945,9264,48,78945,4878945,9.264
ZCTA5 78963,1030,48,78963,4878963,1.03
ZCTA5 78837,236,48,78837,4878837,0.236
ZCTA5 78941,2894,48,78941,4878941,2.894
ZCTA5 78944,428,48,78944,4878944,0.428
ZCTA5 78950,1472,48,78950,4878950,1.472
ZCTA5 78248,13113,48,78248,4878248,13.113
ZCTA5 78207,46130,48,78207,4878207,46.13
ZCTA5 78233,38051,48,78233,4878233,38.051
ZCTA5 78242,30592,48,78242,4878242,30.592
ZCTA5 78251,46423,48,78251,4878251,46.423
ZCTA5 78255,12091,48,78255,4878255,12.091
ZCTA5 78263,4064,48,78263,4878263,4.064
ZCTA5 78330,878,48,78330,4878330,0.878
ZCTA5 78351,361,48,78351,4878351,0.361
ZCTA5 78358,528,48,78358,4878358,0.528
ZCTA5 78387,8870,48,78387,4878387,8.87
ZCTA5 78408,10832,48,78408,4878408,10.832
ZCTA5 78409,2577,48,78409,4878409,2.577
ZCTA5 78416,13760,48,78416,4878416,13.76
ZCTA5 78543,8889,48,78543,4878543,8.889
ZCTA5 76632,1401,48,76632,4876632,1.401
ZCTA5 76633,4910,48,76633,4876633,4.91
ZCTA5 76636,1322,48,76636,4876636,1.322
ZCTA5 76641,1519,48,76641,4876641,1.519
ZCTA5 76649,622,48,76649,4876649,0.622
ZCTA5 76664,2880,48,76664,4876664,2.88
ZCTA5 76431,3129,48,76431,4876431,3.129
ZCTA5 76433,1500,48,76433,4876433,1.5
ZCTA5 76561,912,48,76561,4876561,0.912
ZCTA5 76491,315,48,76491,4876491,0.315
ZCTA5 76504,16913,48,76504,4876504,16.913
ZCTA5 76530,1874,48,76530,4876530,1.874
ZCTA5 76626,1045,48,76626,4876626,1.045
ZCTA5 76078,9489,48,76078,4876078,9.489
ZCTA5 76106,26076,48,76106,4876106,26.076
ZCTA5 76474,192,48,76474,4876474,0.192
ZCTA5 76483,1028,48,76483,4876483,1.028
ZCTA5 76490,74,48,76490,4876490,0.074
ZCTA5 76557,4667,48,76557,4876557,4.667
ZCTA5 76579,4601,48,76579,4876579,4.601
ZCTA5 76015,11126,48,76015,4876015,11.126
ZCTA5 76028,62942,48,76028,4876028,62.942
ZCTA5 76034,23753,48,76034,4876034,23.753
ZCTA5 76050,5881,48,76050,4876050,5.881
ZCTA5 76053,23312,48,76053,4876053,23.312
ZCTA5 76058,16932,48,76058,4876058,16.932
ZCTA5 76542,23081,48,76542,4876542,23.081
ZCTA5 76527,3519,48,76527,4876527,3.519
ZCTA5 76537,5172,48,76537,4876537,5.172
ZCTA5 76539,6980,48,76539,4876539,6.98
ZCTA5 76550,11780,48,76550,4876550,11.78
ZCTA5 76566,292,48,76566,4876566,0.292
ZCTA5 76567,8006,48,76567,4876567,8.006
ZCTA5 76577,2819,48,76577,4876577,2.819
ZCTA5 76622,979,48,76622,4876622,0.979
ZCTA5 76629,1279,48,76629,4876629,1.279
ZCTA5 76645,8098,48,76645,4876645,8.098
ZCTA5 76687,1809,48,76687,4876687,1.809
ZCTA5 76710,18324,48,76710,4876710,18.324
ZCTA5 76711,7459,48,76711,4876711,7.459
ZCTA5 76825,5577,48,76825,4876825,5.577
ZCTA5 76821,3980,48,76821,4876821,3.98
ZCTA5 76824,11,48,76824,4876824,0.011
ZCTA5 76832,615,48,76832,4876832,0.615
ZCTA5 76842,255,48,76842,4876842,0.255
ZCTA5 76853,1480,48,76853,4876853,1.48
ZCTA5 76857,1562,48,76857,4876857,1.562
ZCTA5 76873,36,48,76873,4876873,0.036
ZCTA5 76901,27187,48,76901,4876901,27.187
ZCTA5 76904,31020,48,76904,4876904,31.02
ZCTA5 76905,10694,48,76905,4876905,10.694
ZCTA5 76932,1555,48,76932,4876932,1.555
ZCTA5 76559,4368,48,76559,4876559,4.368
ZCTA5 76060,6556,48,76060,4876060,6.556
ZCTA5 76148,19530,48,76148,4876148,19.53
ZCTA5 76305,3829,48,76305,4876305,3.829
ZCTA5 76306,10330,48,76306,4876306,10.33
ZCTA5 76365,4237,48,76365,4876365,4.237
ZCTA5 76367,12315,48,76367,4876367,12.315
ZCTA5 76373,187,48,76373,4876373,0.187
ZCTA5 76388,247,48,76388,4876388,0.247
ZCTA5 76401,27304,48,76401,4876401,27.304
ZCTA5 76435,465,48,76435,4876435,0.465
ZCTA5 76455,933,48,76455,4876455,0.933
ZCTA5 76472,1618,48,76472,4876472,1.618
ZCTA5 76484,891,48,76484,4876484,0.891
ZCTA5 76022,10096,48,76022,4876022,10.096
ZCTA5 76073,5593,48,76073,4876073,5.593
ZCTA5 76655,7884,48,76655,4876655,7.884
ZCTA5 76798,1238,48,76798,4876798,1.238
ZCTA5 76885,322,48,76885,4876885,0.322
ZCTA5 76903,26495,48,76903,4876903,26.495
ZCTA5 76379,574,48,76379,4876379,0.574
ZCTA5 76070,853,48,76070,4876070,0.853
ZCTA5 76126,20865,48,76126,4876126,20.865
ZCTA5 77384,15017,48,77384,4877384,15.017
ZCTA5 77423,7511,48,77423,4877423,7.511
ZCTA5 77568,9116,48,77568,4877568,9.116
ZCTA5 77514,3893,48,77514,4877514,3.893
ZCTA5 77573,70952,48,77573,4877573,70.952
ZCTA5 77585,998,48,77585,4877585,0.998
ZCTA5 77613,728,48,77613,4877613,0.728
ZCTA5 77615,796,48,77615,4877615,0.796
ZCTA5 77627,19750,48,77627,4877627,19.75
ZCTA5 77630,21849,48,77630,4877630,21.849
ZCTA5 77663,1431,48,77663,4877663,1.431
ZCTA5 77707,10335,48,77707,4877707,10.335
ZCTA5 77801,9382,48,77801,4877801,9.382
ZCTA5 77443,245,48,77443,4877443,0.245
ZCTA5 77003,5520,48,77003,4877003,5.52
ZCTA5 77351,28636,48,77351,4877351,28.636
ZCTA5 77372,12224,48,77372,4877372,12.224
ZCTA5 77374,320,48,77374,4877374,0.32
ZCTA5 77375,39823,48,77375,4877375,39.823
ZCTA5 77376,524,48,77376,4877376,0.524
ZCTA5 77414,16671,48,77414,4877414,16.671
ZCTA5 77415,85,48,77415,4877415,0.085
ZCTA5 77418,8689,48,77418,4877418,8.689
ZCTA5 77440,0,48,77440,4877440,0.0
ZCTA5 77808,10568,48,77808,4877808,10.568
ZCTA5 75661,2166,48,75661,4875661,2.166
ZCTA5 75668,1655,48,75668,4875668,1.655
ZCTA5 75669,446,48,75669,4875669,0.446
ZCTA5 75693,6633,48,75693,4875693,6.633
ZCTA5 75703,32106,48,75703,4875703,32.106
ZCTA5 75705,1331,48,75705,4875705,1.331
ZCTA5 75707,12460,48,75707,4875707,12.46
ZCTA5 75758,7547,48,75758,4875758,7.547
ZCTA5 75472,3322,48,75472,4875472,3.322
ZCTA5 75491,4093,48,75491,4875491,4.093
ZCTA5 75501,20428,48,75501,4875501,20.428
ZCTA5 75571,2380,48,75571,4875571,2.38
ZCTA5 77059,12569,48,77059,4877059,12.569
ZCTA5 77062,19507,48,77062,4877062,19.507
ZCTA5 77066,18749,48,77066,4877066,18.749
ZCTA5 77075,24882,48,77075,4877075,24.882
ZCTA5 77078,5315,48,77078,4877078,5.315
ZCTA5 77085,10227,48,77085,4877085,10.227
ZCTA5 77950,149,48,77950,4877950,0.149
ZCTA5 77957,7151,48,77957,4877957,7.151
ZCTA5 77975,1460,48,77975,4877975,1.46
ZCTA5 77979,15204,48,77979,4877979,15.204
ZCTA5 77988,550,48,77988,4877988,0.55
ZCTA5 77482,1516,48,77482,4877482,1.516
ZCTA5 77484,9230,48,77484,4877484,9.23
ZCTA5 77486,6156,48,77486,4877486,6.156
ZCTA5 77506,34070,48,77506,4877506,34.07
ZCTA5 77518,9033,48,77518,4877518,9.033
ZCTA5 77520,25072,48,77520,4877520,25.072
ZCTA5 77532,23383,48,77532,4877532,23.383
ZCTA5 77533,694,48,77533,4877533,0.694
ZCTA5 77541,14184,48,77541,4877541,14.184
ZCTA5 77561,79,48,77561,4877561,0.079
ZCTA5 77565,6777,48,77565,4877565,6.777
ZCTA5 77577,1457,48,77577,4877577,1.457
ZCTA5 77586,20169,48,77586,4877586,20.169
ZCTA5 77598,17968,48,77598,4877598,17.968
ZCTA5 77612,9229,48,77612,4877612,9.229
ZCTA5 77619,14102,48,77619,4877619,14.102
ZCTA5 77002,7445,48,77002,4877002,7.445
ZCTA5 77091,12538,48,77091,4877091,12.538
ZCTA5 77024,30403,48,77024,4877024,30.403
ZCTA5 77036,33350,48,77036,4877036,33.35
ZCTA5 77046,763,48,77046,4877046,0.763
ZCTA5 77049,23180,48,77049,4877049,23.18
ZCTA5 77061,11799,48,77061,4877061,11.799
ZCTA5 77073,19032,48,77073,4877073,19.032
ZCTA5 77076,29976,48,77076,4877076,29.976
ZCTA5 77079,25014,48,77079,4877079,25.014
ZCTA5 77080,20518,48,77080,4877080,20.518
ZCTA5 77087,26586,48,77087,4877087,26.586
ZCTA5 77092,19682,48,77092,4877092,19.682
ZCTA5 77095,47074,48,77095,4877095,47.074
ZCTA5 77448,136,48,77448,4877448,0.136
ZCTA5 77455,2138,48,77455,4877455,2.138
ZCTA5 77470,335,48,77470,4877470,0.335
ZCTA5 77477,13256,48,77477,4877477,13.256
ZCTA5 77478,14663,48,77478,4877478,14.663
ZCTA5 77564,1671,48,77564,4877564,1.671
ZCTA5 75702,14286,48,75702,4875702,14.286
ZCTA5 75754,5985,48,75754,4875754,5.985
ZCTA5 75763,5696,48,75763,4875763,5.696
ZCTA5 75006,40123,48,75006,4875006,40.123
ZCTA5 75019,28518,48,75019,4875019,28.518
ZCTA5 75021,7945,48,75021,4875021,7.945
ZCTA5 75025,31382,48,75025,4875025,31.382
ZCTA5 75160,18545,48,75160,4875160,18.545
ZCTA5 75201,11996,48,75201,4875201,11.996
ZCTA5 75210,3213,48,75210,4875210,3.213
ZCTA5 75212,16598,48,75212,4875212,16.598
ZCTA5 75240,8061,48,75240,4875240,8.061
ZCTA5 77030,6815,48,77030,4877030,6.815
ZCTA5 77037,19086,48,77037,4877037,19.086
ZCTA5 77045,17603,48,77045,4877045,17.603
ZCTA5 77082,21861,48,77082,4877082,21.861
ZCTA5 77084,58807,48,77084,4877084,58.807
ZCTA5 77301,27825,48,77301,4877301,27.825
ZCTA5 77316,22260,48,77316,4877316,22.26
ZCTA5 77318,14004,48,77318,4877318,14.004
ZCTA5 77340,22642,48,77340,4877340,22.642
ZCTA5 77346,47718,48,77346,4877346,47.718
ZCTA5 77355,25304,48,77355,4877355,25.304
ZCTA5 77373,36226,48,77373,4877373,36.226
ZCTA5 77434,2362,48,77434,4877434,2.362
ZCTA5 77446,271,48,77446,4877446,0.271
ZCTA5 77466,365,48,77466,4877466,0.365
ZCTA5 77469,30860,48,77469,4877469,30.86
ZCTA5 77336,11708,48,77336,4877336,11.708
ZCTA5 77094,7124,48,77094,4877094,7.124
ZCTA5 77096,17386,48,77096,4877096,17.386
ZCTA5 77379,57910,48,77379,4877379,57.91
ZCTA5 77386,42779,48,77386,4877386,42.779
ZCTA5 77389,28641,48,77389,4877389,28.641
ZCTA5 77437,14608,48,77437,4877437,14.608
ZCTA5 77451,0,48,77451,4877451,0.0
ZCTA5 77465,5607,48,77465,4877465,5.607
ZCTA5 77479,43620,48,77479,4877479,43.62
ZCTA5 77481,12,48,77481,4877481,0.012
ZCTA5 77853,835,48,77853,4877853,0.835
ZCTA5 77651,11296,48,77651,4877651,11.296
ZCTA5 77803,19783,48,77803,4877803,19.783
ZCTA5 77830,2558,48,77830,4877830,2.558
ZCTA5 77859,4778,48,77859,4877859,4.778
ZCTA5 77864,5418,48,77864,4877864,5.418
ZCTA5 77867,62,48,77867,4877867,0.062
ZCTA5 77474,10023,48,77474,4877474,10.023
ZCTA5 77488,10424,48,77488,4877488,10.424
ZCTA5 77503,23150,48,77503,4877503,23.15
ZCTA5 77510,14195,48,77510,4877510,14.195
ZCTA5 77521,41876,48,77521,4877521,41.876
ZCTA5 76250,985,48,76250,4876250,0.985
ZCTA5 76943,1414,48,76943,4876943,1.414
ZCTA5 76108,35824,48,76108,4876108,35.824
ZCTA5 76061,39,48,76061,4876061,0.039
ZCTA5 76084,6975,48,76084,4876084,6.975
ZCTA5 76114,20222,48,76114,4876114,20.222
ZCTA5 76120,7725,48,76120,4876120,7.725
ZCTA5 76549,21326,48,76549,4876549,21.326
ZCTA5 75493,270,48,75493,4875493,0.27
ZCTA5 75640,4198,48,75640,4875640,4.198
ZCTA5 75770,2599,48,75770,4875770,2.599
ZCTA5 75762,10853,48,75762,4875762,10.853
ZCTA5 75844,5059,48,75844,4875844,5.059
ZCTA5 75959,629,48,75959,4875959,0.629
ZCTA5 75801,11152,48,75801,4875801,11.152
ZCTA5 75783,7310,48,75783,4875783,7.31
ZCTA5 76006,14257,48,76006,4876006,14.257
ZCTA5 76011,13445,48,76011,4876011,13.445
ZCTA5 76021,27015,48,76021,4876021,27.015
ZCTA5 76039,23939,48,76039,4876039,23.939
ZCTA5 76043,6744,48,76043,4876043,6.744
ZCTA5 76052,18541,48,76052,4876052,18.541
ZCTA5 76092,24387,48,76092,4876092,24.387
ZCTA5 76102,6374,48,76102,4876102,6.374
ZCTA5 76107,22130,48,76107,4876107,22.13
ZCTA5 76131,27210,48,76131,4876131,27.21
ZCTA5 76140,16452,48,76140,4876140,16.452
ZCTA5 76155,2271,48,76155,4876155,2.271
ZCTA5 76234,14797,48,76234,4876234,14.797
ZCTA5 76259,5454,48,76259,4876259,5.454
ZCTA5 76262,31920,48,76262,4876262,31.92
ZCTA5 76273,9211,48,76273,4876273,9.211
ZCTA5 76458,5463,48,76458,4876458,5.463
ZCTA5 76033,24345,48,76033,4876033,24.345
ZCTA5 76085,10347,48,76085,4876085,10.347
ZCTA5 76129,2309,48,76129,4876129,2.309
ZCTA5 76164,11499,48,76164,4876164,11.499
ZCTA5 76182,26426,48,76182,4876182,26.426
ZCTA5 76209,20215,48,76209,4876209,20.215
ZCTA5 76210,36771,48,76210,4876210,36.771
ZCTA5 76244,56907,48,76244,4876244,56.907
ZCTA5 76263,158,48,76263,4876263,0.158
ZCTA5 76402,671,48,76402,4876402,0.671
ZCTA5 76508,4,48,76508,4876508,0.004
ZCTA5 76573,23,48,76573,4876573,0.023
ZCTA5 76596,770,48,76596,4876596,0.77
ZCTA5 76597,1413,48,76597,4876597,1.413
ZCTA5 76598,278,48,76598,4876598,0.278
ZCTA5 76599,1149,48,76599,4876599,1.149
ZCTA5 76623,140,48,76623,4876623,0.14
ZCTA5 76650,127,48,76650,4876650,0.127
ZCTA5 76654,152,48,76654,4876654,0.152
ZCTA5 76820,136,48,76820,4876820,0.136
ZCTA5 76836,16,48,76836,4876836,0.016
ZCTA5 76908,1791,48,76908,4876908,1.791
ZCTA5 76939,10,48,76939,4876939,0.01
ZCTA5 76957,0,48,76957,4876957,0.0
ZCTA5 76360,3079,48,76360,4876360,3.079
ZCTA5 76372,1164,48,76372,4876372,1.164
ZCTA5 76374,3758,48,76374,4876374,3.758
ZCTA5 76427,732,48,76427,4876427,0.732
ZCTA5 76429,119,48,76429,4876429,0.119
ZCTA5 76501,13038,48,76501,4876501,13.038
ZCTA5 76502,32517,48,76502,4876502,32.517
ZCTA5 76261,215,48,76261,4876261,0.215
ZCTA5 76228,927,48,76228,4876228,0.927
ZCTA5 76248,34475,48,76248,4876248,34.475
ZCTA5 77702,1484,48,77702,4877702,1.484
ZCTA5 77705,20082,48,77705,4877705,20.082
ZCTA5 77706,19062,48,77706,4877706,19.062
ZCTA5 77802,21405,48,77802,4877802,21.405
ZCTA5 77836,9832,48,77836,4877836,9.832
ZCTA5 77856,4743,48,77856,4877856,4.743
ZCTA5 77879,4240,48,77879,4877879,4.24
ZCTA5 77961,303,48,77961,4877961,0.303
ZCTA5 79517,203,48,79517,4879517,0.203
ZCTA5 79521,3342,48,79521,4879521,3.342
ZCTA5 79530,443,48,79530,4879530,0.443
ZCTA5 79536,4363,48,79536,4879536,4.363
ZCTA5 79561,657,48,79561,4879561,0.657
ZCTA5 79043,1386,48,79043,4879043,1.386
ZCTA5 79032,71,48,79032,4879032,0.071
ZCTA5 79033,76,48,79033,4879033,0.076
ZCTA5 79042,979,48,79042,4879042,0.979
ZCTA5 79011,177,48,79011,4879011,0.177
ZCTA5 79012,1249,48,79012,4879012,1.249
ZCTA5 79022,9789,48,79022,4879022,9.789
ZCTA5 79031,1303,48,79031,4879031,1.303
ZCTA5 79083,1594,48,79083,4879083,1.594
ZCTA5 79239,165,48,79239,4879239,0.165
ZCTA5 79241,2060,48,79241,4879241,2.06
ZCTA5 79316,10055,48,79316,4879316,10.055
ZCTA5 79331,9633,48,79331,4879331,9.633
ZCTA5 79350,364,48,79350,4879350,0.364
ZCTA5 79357,2025,48,79357,4879357,2.025
ZCTA5 79369,126,48,79369,4879369,0.126
ZCTA5 79410,8851,48,79410,4879410,8.851
ZCTA5 79416,27826,48,79416,4879416,27.826
ZCTA5 79519,32,48,79519,4879519,0.032
ZCTA5 79520,1858,48,79520,4879520,1.858
ZCTA5 79529,1300,48,79529,4879529,1.3
ZCTA5 79534,73,48,79534,4879534,0.073
ZCTA5 79538,229,48,79538,4879538,0.229
ZCTA5 79553,2721,48,79553,4879553,2.721
ZCTA5 79563,875,48,79563,4879563,0.875
ZCTA5 79565,201,48,79565,4879565,0.201
ZCTA5 79601,17915,48,79601,4879601,17.915
ZCTA5 79511,1144,48,79511,4879511,1.144
ZCTA5 79603,15032,48,79603,4879603,15.032
ZCTA5 79734,2049,48,79734,4879734,2.049
ZCTA5 79743,253,48,79743,4879743,0.253
ZCTA5 79761,26216,48,79761,4879761,26.216
ZCTA5 79330,142,48,79330,4879330,0.142
ZCTA5 79252,2559,48,79252,4879252,2.559
ZCTA5 79322,1668,48,79322,4879322,1.668
ZCTA5 79325,2184,48,79325,4879325,2.184
ZCTA5 79353,52,48,79353,4879353,0.052
ZCTA5 79358,997,48,79358,4879358,0.997
ZCTA5 79378,237,48,79378,4879378,0.237
ZCTA5 79403,10581,48,79403,4879403,10.581
ZCTA5 79404,6957,48,79404,4879404,6.957
ZCTA5 79407,18469,48,79407,4879407,18.469
ZCTA5 79412,13197,48,79412,4879412,13.197
ZCTA5 79413,18675,48,79413,4879413,18.675
ZCTA5 79502,1140,48,79502,4879502,1.14
ZCTA5 79504,3035,48,79504,4879504,3.035
ZCTA5 79505,267,48,79505,4879505,0.267
ZCTA5 79607,2348,48,79607,4879607,2.348
ZCTA5 79705,34638,48,79705,4879705,34.638
ZCTA5 79706,24030,48,79706,4879706,24.03
ZCTA5 79739,851,48,79739,4879739,0.851
ZCTA5 79766,5327,48,79766,4879766,5.327
ZCTA5 77713,8774,48,77713,4877713,8.774
ZCTA5 77807,8363,48,77807,4877807,8.363
ZCTA5 77835,2041,48,77835,4877835,2.041
ZCTA5 79903,13974,48,79903,4879903,13.974
ZCTA5 79912,61014,48,79912,4879912,61.014
ZCTA5 79915,29742,48,79915,4879915,29.742
ZCTA5 79927,31680,48,79927,4879927,31.68
ZCTA5 79932,21979,48,79932,4879932,21.979
ZCTA5 77660,1197,48,77660,4877660,1.197
ZCTA5 79821,5513,48,79821,4879821,5.513
ZCTA5 79836,4343,48,79836,4879836,4.343
ZCTA5 79041,2845,48,79041,4879041,2.845
ZCTA5 79045,16971,48,79045,4879045,16.971
ZCTA5 79052,1102,48,79052,4879052,1.102
ZCTA5 79922,6851,48,79922,4879922,6.851
ZCTA5 79924,46755,48,79924,4879924,46.755
ZCTA5 79021,143,48,79021,4879021,0.143
ZCTA5 79051,0,48,79051,4879051,0.0
ZCTA5 79054,589,48,79054,4879054,0.589
ZCTA5 79063,644,48,79063,4879063,0.644
ZCTA5 79065,17719,48,79065,4879065,17.719
ZCTA5 79072,22351,48,79072,4879072,22.351
ZCTA5 79079,2183,48,79079,4879079,2.183
ZCTA5 79086,1984,48,79086,4879086,1.984
ZCTA5 79103,9651,48,79103,4879103,9.651
ZCTA5 79104,6126,48,79104,4879104,6.126
ZCTA5 79345,907,48,79345,4879345,0.907
ZCTA5 79518,30,48,79518,4879518,0.03
ZCTA5 79560,162,48,79560,4879560,0.162
ZCTA5 79735,11859,48,79735,4879735,11.859
ZCTA5 79081,3571,48,79081,4879081,3.571
ZCTA5 79098,508,48,79098,4879098,0.508
ZCTA5 79108,13039,48,79108,4879108,13.039
ZCTA5 79780,217,48,79780,4879780,0.217
ZCTA5 79001,198,48,79001,4879001,0.198
ZCTA5 79005,1352,48,79005,4879005,1.352
ZCTA5 79013,2535,48,79013,4879013,2.535
ZCTA5 79014,3763,48,79014,4879014,3.763
ZCTA5 79029,11431,48,79029,4879029,11.431
ZCTA5 79046,551,48,79046,4879046,0.551
ZCTA5 79057,1281,48,79057,4879057,1.281
ZCTA5 79059,673,48,79059,4879059,0.673
ZCTA5 79501,2224,48,79501,4879501,2.224
ZCTA5 79503,89,48,79503,4879503,0.089
ZCTA5 79510,6886,48,79510,4879510,6.886
ZCTA5 79526,938,48,79526,4879526,0.938
ZCTA5 79546,1417,48,79546,4879546,1.417
ZCTA5 79548,142,48,79548,4879548,0.142
ZCTA5 79605,23189,48,79605,4879605,23.189
ZCTA5 79606,19110,48,79606,4879606,19.11
ZCTA5 79703,19082,48,79703,4879703,19.082
ZCTA5 79720,28912,48,79720,4879720,28.912
ZCTA5 79731,2499,48,79731,4879731,2.499
ZCTA5 79742,392,48,79742,4879742,0.392
ZCTA5 79745,6068,48,79745,4879745,6.068
ZCTA5 79068,3251,48,79068,4879068,3.251
ZCTA5 79080,494,48,79080,4879080,0.494
ZCTA5 79082,238,48,79082,4879082,0.238
ZCTA5 79087,599,48,79087,4879087,0.599
ZCTA5 79096,1953,48,79096,4879096,1.953
ZCTA5 79236,208,48,79236,4879236,0.208
ZCTA5 79240,13,48,79240,4879240,0.013
ZCTA5 79259,61,48,79259,4879259,0.061
ZCTA5 79312,866,48,79312,4879312,0.866
ZCTA5 79324,37,48,79324,4879324,0.037
ZCTA5 79329,2940,48,79329,4879329,2.94
ZCTA5 79342,439,48,79342,4879342,0.439
ZCTA5 79367,684,48,79367,4879367,0.684
ZCTA5 79370,1429,48,79370,4879370,1.429
ZCTA5 79371,1339,48,79371,4879371,1.339
ZCTA5 79752,900,48,79752,4879752,0.9
ZCTA5 79758,2118,48,79758,4879758,2.118
ZCTA5 79772,10941,48,79772,4879772,10.941
ZCTA5 79110,16891,48,79110,4879110,16.891
ZCTA5 79111,2173,48,79111,4879111,2.173
ZCTA5 79119,15430,48,79119,4879119,15.43
ZCTA5 79201,6054,48,79201,4879201,6.054
ZCTA5 79220,210,48,79220,4879220,0.21
ZCTA5 79247,61,48,79247,4879247,0.061
ZCTA5 79311,3322,48,79311,4879311,3.322
ZCTA5 79323,7145,48,79323,4879323,7.145
ZCTA5 79326,88,48,79326,4879326,0.088
ZCTA5 79359,2761,48,79359,4879359,2.761
ZCTA5 79380,113,48,79380,4879380,0.113
ZCTA5 79778,747,48,79778,4879778,0.747
ZCTA5 79347,6071,48,79347,4879347,6.071
ZCTA5 79379,516,48,79379,4879379,0.516
ZCTA5 78022,3946,48,78022,4878022,3.946
ZCTA5 78026,5758,48,78026,4878026,5.758
ZCTA5 78027,201,48,78027,4878027,0.201
ZCTA5 78040,40348,48,78040,4878040,40.348
ZCTA5 79835,6828,48,79835,4879835,6.828
ZCTA5 79848,508,48,79848,4879848,0.508
ZCTA5 79902,15934,48,79902,4879902,15.934
ZCTA5 79904,26931,48,79904,4879904,26.931
ZCTA5 79847,156,48,79847,4879847,0.156
ZCTA5 79853,1654,48,79853,4879853,1.654
ZCTA5 79908,3048,48,79908,4879908,3.048
ZCTA5 79930,23165,48,79930,4879930,23.165
ZCTA5 79003,177,48,79003,4879003,0.177
ZCTA5 79009,1624,48,79009,4879009,1.624
ZCTA5 79015,20192,48,79015,4879015,20.192
ZCTA5 79019,1693,48,79019,4879019,1.693
ZCTA5 79024,432,48,79024,4879024,0.432
ZCTA5 79034,528,48,79034,4879034,0.528
ZCTA5 79035,3846,48,79035,4879035,3.846
ZCTA5 79056,67,48,79056,4879056,0.067
ZCTA5 79064,2204,48,79064,4879064,2.204
ZCTA5 79070,8856,48,79070,4879070,8.856
ZCTA5 79078,224,48,79078,4879078,0.224
ZCTA5 79088,4453,48,79088,4879088,4.453
ZCTA5 79093,79,48,79093,4879093,0.079
ZCTA5 79097,876,48,79097,4879097,0.876
ZCTA5 79007,12726,48,79007,4879007,12.726
ZCTA5 79025,49,48,79025,4879025,0.049
ZCTA5 79027,4412,48,79027,4879027,4.412
ZCTA5 79039,925,48,79039,4879039,0.925
ZCTA5 79044,680,48,79044,4879044,0.68
ZCTA5 79053,152,48,79053,4879053,0.152
ZCTA5 79084,2025,48,79084,4879084,2.025
ZCTA5 79101,1736,48,79101,4879101,1.736
ZCTA5 79107,22351,48,79107,4879107,22.351
ZCTA5 79118,20907,48,79118,4879118,20.907
ZCTA5 79121,5468,48,79121,4879121,5.468
ZCTA5 79229,384,48,79229,4879229,0.384
ZCTA5 79231,96,48,79231,4879231,0.096
ZCTA5 79250,1279,48,79250,4879250,1.279
ZCTA5 79106,22652,48,79106,4879106,22.652
ZCTA5 79230,80,48,79230,4879230,0.08
ZCTA5 79233,91,48,79233,4879233,0.091
ZCTA5 79235,3198,48,79235,4879235,3.198
ZCTA5 79243,73,48,79243,4879243,0.073
ZCTA5 79245,1932,48,79245,4879245,1.932
ZCTA5 79255,521,48,79255,4879255,0.521
ZCTA5 79313,1455,48,79313,4879313,1.455
ZCTA5 79314,62,48,79314,4879314,0.062
ZCTA5 79343,1497,48,79343,4879343,1.497
ZCTA5 79364,6463,48,79364,4879364,6.463
ZCTA5 79372,1161,48,79372,4879372,1.161
ZCTA5 79373,2420,48,79373,4879373,2.42
ZCTA5 79401,6278,48,79401,4879401,6.278
ZCTA5 79406,5647,48,79406,4879406,5.647
ZCTA5 79535,157,48,79535,4879535,0.157
ZCTA5 79537,30,48,79537,4879537,0.03
ZCTA5 79544,476,48,79544,4879544,0.476
ZCTA5 79602,19741,48,79602,4879602,19.741
ZCTA5 76520,6233,48,76520,4876520,6.233
ZCTA5 76522,24996,48,76522,4876522,24.996
ZCTA5 76531,4540,48,76531,4876531,4.54
ZCTA5 76534,2666,48,76534,4876534,2.666
ZCTA5 76543,13313,48,76543,4876543,13.313
ZCTA5 76548,19512,48,76548,4876548,19.512
ZCTA5 76621,837,48,76621,4876621,0.837
ZCTA5 76628,26,48,76628,4876628,0.026
ZCTA5 76643,12639,48,76643,4876643,12.639
ZCTA5 76648,2583,48,76648,4876648,2.583
ZCTA5 76657,8794,48,76657,4876657,8.794
ZCTA5 76012,21103,48,76012,4876012,21.103
ZCTA5 76013,24784,48,76013,4876013,24.784
ZCTA5 76017,30918,48,76017,4876017,30.918
ZCTA5 76020,27117,48,76020,4876020,27.117
ZCTA5 76054,11233,48,76054,4876054,11.233
ZCTA5 76059,4060,48,76059,4876059,4.06
ZCTA5 76457,3523,48,76457,4876457,3.523
ZCTA5 76436,237,48,76436,4876436,0.237
ZCTA5 76448,4959,48,76448,4876448,4.959
ZCTA5 76452,108,48,76452,4876452,0.108
ZCTA5 76471,1848,48,76471,4876471,1.848
ZCTA5 76487,3102,48,76487,4876487,3.102
ZCTA5 76524,2857,48,76524,4876524,2.857
ZCTA5 76541,9995,48,76541,4876541,9.995
ZCTA5 76554,1935,48,76554,4876554,1.935
ZCTA5 76556,1264,48,76556,4876556,1.264
ZCTA5 76887,101,48,76887,4876887,0.101
ZCTA5 76934,1086,48,76934,4876934,1.086
ZCTA5 76950,2519,48,76950,4876950,2.519
ZCTA5 76071,4032,48,76071,4876071,4.032
ZCTA5 76105,8359,48,76105,4876105,8.359
ZCTA5 76110,24110,48,76110,4876110,24.11
ZCTA5 78389,1595,48,78389,4878389,1.595
ZCTA5 78391,244,48,78391,4878391,0.244
ZCTA5 78410,26326,48,78410,4878410,26.326
ZCTA5 78414,34367,48,78414,4878414,34.367
ZCTA5 78501,48950,48,78501,4878501,48.95
ZCTA5 78521,89139,48,78521,4878521,89.139
ZCTA5 78526,43952,48,78526,4878526,43.952
ZCTA5 78566,17444,48,78566,4878566,17.444
ZCTA5 78593,5491,48,78593,4878593,5.491
ZCTA5 78877,756,48,78877,4878877,0.756
ZCTA5 78840,44560,48,78840,4878840,44.56
ZCTA5 78860,23,48,78860,4878860,0.023
ZCTA5 78872,1637,48,78872,4878872,1.637
ZCTA5 78933,1220,48,78933,4878933,1.22
ZCTA5 78953,790,48,78953,4878953,0.79
ZCTA5 78954,1050,48,78954,4878954,1.05
ZCTA5 78021,318,48,78021,4878021,0.318
ZCTA5 78003,8888,48,78003,4878003,8.888
ZCTA5 78004,872,48,78004,4878004,0.872
ZCTA5 78012,311,48,78012,4878012,0.311
ZCTA5 78039,1613,48,78039,4878039,1.613
ZCTA5 78043,43252,48,78043,4878043,43.252
ZCTA5 78046,66697,48,78046,4878046,66.697
ZCTA5 78050,417,48,78050,4878050,0.417
ZCTA5 78055,1713,48,78055,4878055,1.713
ZCTA5 78070,15443,48,78070,4878070,15.443
ZCTA5 78851,25,48,78851,4878851,0.025
ZCTA5 78852,52635,48,78852,4878852,52.635
ZCTA5 78880,1806,48,78880,4878880,1.806
ZCTA5 78883,278,48,78883,4878883,0.278
ZCTA5 78949,666,48,78949,4878949,0.666
ZCTA5 78959,719,48,78959,4878959,0.719
ZCTA5 78744,33186,48,78744,4878744,33.186
ZCTA5 78748,41671,48,78748,4878748,41.671
ZCTA5 78829,1197,48,78829,4878829,1.197
ZCTA5 78830,825,48,78830,4878830,0.825
ZCTA5 78838,156,48,78838,4878838,0.156
ZCTA5 78756,7256,48,78756,4878756,7.256
ZCTA5 78140,2293,48,78140,4878140,2.293
ZCTA5 78221,34705,48,78221,4878221,34.705
ZCTA5 78357,2608,48,78357,4878357,2.608
ZCTA5 78570,28970,48,78570,4878570,28.97
ZCTA5 78654,16841,48,78654,4878654,16.841
ZCTA5 78028,36431,48,78028,4878028,36.431
ZCTA5 78101,5410,48,78101,4878101,5.41
ZCTA5 78102,24669,48,78102,4878102,24.669
ZCTA5 78119,4887,48,78119,4878119,4.887
ZCTA5 78152,2056,48,78152,4878152,2.056
ZCTA5 78154,26257,48,78154,4878154,26.257
ZCTA5 78160,4506,48,78160,4878160,4.506
ZCTA5 78164,2629,48,78164,4878164,2.629
ZCTA5 78204,9543,48,78204,4878204,9.543
ZCTA5 78212,25594,48,78212,4878212,25.594
ZCTA5 78215,2449,48,78215,4878215,2.449
ZCTA5 78217,25475,48,78217,4878217,25.475
ZCTA5 78237,35356,48,78237,4878237,35.356
ZCTA5 78240,43958,48,78240,4878240,43.958
ZCTA5 78249,44429,48,78249,4878249,44.429
ZCTA5 78363,26156,48,78363,4878363,26.156
ZCTA5 78393,1955,48,78393,4878393,1.955
ZCTA5 78415,37415,48,78415,4878415,37.415
ZCTA5 78417,3977,48,78417,4878417,3.977
ZCTA5 78504,47156,48,78504,4878504,47.156
ZCTA5 78545,572,48,78545,4878545,0.572
ZCTA5 78548,727,48,78548,4878548,0.727
ZCTA5 78565,112,48,78565,4878565,0.112
ZCTA5 78588,204,48,78588,4878588,0.204
ZCTA5 78594,1720,48,78594,4878594,1.72
ZCTA5 78602,22551,48,78602,4878602,22.551
ZCTA5 78607,41,48,78607,4878607,0.041
ZCTA5 78621,15031,48,78621,4878621,15.031
ZCTA5 78640,49015,48,78640,4878640,49.015
ZCTA5 78644,14420,48,78644,4878644,14.42
ZCTA5 78670,106,48,78670,4878670,0.106
ZCTA5 78731,22898,48,78731,4878731,22.898
ZCTA5 78734,17089,48,78734,4878734,17.089
ZCTA5 78741,36412,48,78741,4878741,36.412
ZCTA5 78746,25335,48,78746,4878746,25.335
ZCTA5 78613,64495,48,78613,4878613,64.495
ZCTA5 78615,1204,48,78615,4878615,1.204
ZCTA5 78623,746,48,78623,4878623,0.746
ZCTA5 78754,13368,48,78754,4878754,13.368
ZCTA5 78406,1860,48,78406,4878406,1.86
ZCTA5 78598,88,48,78598,4878598,0.088
ZCTA5 78657,5188,48,78657,4878657,5.188
ZCTA5 78536,215,48,78536,4878536,0.215
ZCTA5 78541,40901,48,78541,4878541,40.901
ZCTA5 78542,68278,48,78542,4878542,68.278
ZCTA5 78561,660,48,78561,4878561,0.66
ZCTA5 78564,207,48,78564,4878564,0.207
ZCTA5 78567,492,48,78567,4878567,0.492
ZCTA5 78573,36106,48,78573,4878573,36.106
ZCTA5 78574,59060,48,78574,4878574,59.06
ZCTA5 78585,291,48,78585,4878585,0.291
ZCTA5 78590,353,48,78590,4878590,0.353
ZCTA5 78591,303,48,78591,4878591,0.303
ZCTA5 78633,24616,48,78633,4878633,24.616
ZCTA5 78665,35388,48,78665,4878665,35.388
ZCTA5 78677,19,48,78677,4878677,0.019
ZCTA5 78712,633,48,78712,4878712,0.633
ZCTA5 78802,251,48,78802,4878802,0.251
ZCTA5 78843,468,48,78843,4878843,0.468
ZCTA5 78871,56,48,78871,4878871,0.056
ZCTA5 78931,253,48,78931,4878931,0.253
ZCTA5 78951,0,48,78951,4878951,0.0
ZCTA5 78069,5744,48,78069,4878069,5.744
ZCTA5 78132,26287,48,78132,4878132,26.287
ZCTA5 78732,14961,48,78732,4878732,14.961
ZCTA5 78833,1510,48,78833,4878833,1.51
ZCTA5 78218,25428,48,78218,4878218,25.428
ZCTA5 78583,6960,48,78583,4878583,6.96
ZCTA5 78608,443,48,78608,4878608,0.443
ZCTA5 78622,164,48,78622,4878622,0.164
ZCTA5 78557,8610,48,78557,4878557,8.61
ZCTA5 77962,3236,48,77962,4877962,3.236
ZCTA5 77968,3170,48,77968,4877968,3.17
ZCTA5 77971,997,48,77971,4877971,0.997
ZCTA5 77982,852,48,77982,4877982,0.852
ZCTA5 77086,17761,48,77086,4877086,17.761
ZCTA5 77464,171,48,77464,4877464,0.171
ZCTA5 77493,24710,48,77493,4877493,24.71
ZCTA5 77494,75615,48,77494,4877494,75.615
ZCTA5 77872,1793,48,77872,4877872,1.793
ZCTA5 77964,6750,48,77964,4877964,6.75
ZCTA5 77970,291,48,77970,4877970,0.291
ZCTA5 77974,338,48,77974,4877974,0.338
ZCTA5 77977,524,48,77977,4877977,0.524
ZCTA5 77984,3639,48,77984,4877984,3.639
ZCTA5 77991,307,48,77991,4877991,0.307
ZCTA5 77994,354,48,77994,4877994,0.354
ZCTA5 77015,41239,48,77015,4877015,41.239
ZCTA5 77022,19812,48,77022,4877022,19.812
ZCTA5 77026,8820,48,77026,4877026,8.82
ZCTA5 77027,13083,48,77027,4877027,13.083
ZCTA5 77047,8253,48,77047,4877047,8.253
ZCTA5 77005,23028,48,77005,4877005,23.028
ZCTA5 77007,28502,48,77007,4877007,28.502
ZCTA5 77017,21462,48,77017,4877017,21.462
ZCTA5 77019,16788,48,77019,4877019,16.788
ZCTA5 77378,13554,48,77378,4877378,13.554
ZCTA5 77356,24468,48,77356,4877356,24.468
ZCTA5 77357,21847,48,77357,4877357,21.847
ZCTA5 77359,475,48,77359,4877359,0.475
ZCTA5 77382,34311,48,77382,4877382,34.311
ZCTA5 77396,28614,48,77396,4877396,28.614
ZCTA5 77419,1312,48,77419,4877419,1.312
ZCTA5 77428,0,48,77428,4877428,0.0
ZCTA5 77432,103,48,77432,4877432,0.103
ZCTA5 77435,3825,48,77435,4877435,3.825
ZCTA5 77441,9093,48,77441,4877441,9.093
ZCTA5 77447,11997,48,77447,4877447,11.997
ZCTA5 77025,17177,48,77025,4877025,17.177
ZCTA5 77038,21396,48,77038,4877038,21.396
ZCTA5 77039,24550,48,77039,4877039,24.55
ZCTA5 77040,32266,48,77040,4877040,32.266
ZCTA5 77057,29718,48,77057,4877057,29.718
ZCTA5 77060,33239,48,77060,4877060,33.239
ZCTA5 77067,14931,48,77067,4877067,14.931
ZCTA5 77068,6077,48,77068,4877068,6.077
ZCTA5 77077,34969,48,77077,4877077,34.969
ZCTA5 77303,18242,48,77303,4877303,18.242
ZCTA5 77335,2374,48,77335,4877335,2.374
ZCTA5 77368,53,48,77368,4877368,0.053
ZCTA5 77381,32684,48,77381,4877381,32.684
ZCTA5 77385,21233,48,77385,4877385,21.233
ZCTA5 79901,7292,48,79901,4879901,7.292
ZCTA5 79707,32899,48,79707,4879707,32.899
ZCTA5 79762,36314,48,79762,4879762,36.314
ZCTA5 79092,972,48,79092,4879092,0.972
ZCTA5 79366,1011,48,79366,4879366,1.011
ZCTA5 79377,229,48,79377,4879377,0.229
ZCTA5 79381,1375,48,79381,4879381,1.375
ZCTA5 79360,15149,48,79360,4879360,15.149
ZCTA5 79713,348,48,79713,4879713,0.348
ZCTA5 79733,203,48,79733,4879733,0.203
ZCTA5 79738,256,48,79738,4879738,0.256
ZCTA5 79855,1748,48,79855,4879855,1.748
ZCTA5 76707,9098,48,76707,4876707,9.098
ZCTA5 76827,391,48,76827,4876827,0.391
ZCTA5 76831,36,48,76831,4876831,0.036
ZCTA5 76834,5034,48,76834,4876834,5.034
ZCTA5 76837,3111,48,76837,4876837,3.111
ZCTA5 76845,249,48,76845,4876845,0.249
ZCTA5 76856,3166,48,76856,4876856,3.166
ZCTA5 76858,226,48,76858,4876858,0.226
ZCTA5 76009,18962,48,76009,4876009,18.962
ZCTA5 76031,15663,48,76031,4876031,15.663
ZCTA5 76036,19483,48,76036,4876036,19.483
ZCTA5 76302,10130,48,76302,4876302,10.13
ZCTA5 76308,15753,48,76308,4876308,15.753
ZCTA5 76370,221,48,76370,4876370,0.221
ZCTA5 76380,3383,48,76380,4876380,3.383
ZCTA5 76424,8065,48,76424,4876424,8.065
ZCTA5 76442,7353,48,76442,4876442,7.353
ZCTA5 76444,3372,48,76444,4876444,3.372
ZCTA5 76445,165,48,76445,4876445,0.165
ZCTA5 76449,2422,48,76449,4876449,2.422
ZCTA5 76450,12163,48,76450,4876450,12.163
ZCTA5 78614,451,48,78614,4878614,0.451
ZCTA5 78617,12242,48,78617,4878617,12.242
ZCTA5 78631,2807,48,78631,4878631,2.807
ZCTA5 78635,464,48,78635,4878635,0.464
ZCTA5 78656,2029,48,78656,4878656,2.029
ZCTA5 78663,749,48,78663,4878663,0.749
ZCTA5 78722,5584,48,78722,4878722,5.584
ZCTA5 78664,46500,48,78664,4878664,46.5
ZCTA5 78232,32524,48,78232,4878232,32.524
ZCTA5 78235,842,48,78235,4878235,0.842
ZCTA5 78238,20940,48,78238,4878238,20.94
ZCTA5 78245,59445,48,78245,4878245,59.445
ZCTA5 78247,45383,48,78247,4878247,45.383
ZCTA5 78253,33996,48,78253,4878253,33.996
ZCTA5 78256,8706,48,78256,4878256,8.706
ZCTA5 78259,21096,48,78259,4878259,21.096
ZCTA5 78260,23910,48,78260,4878260,23.91
ZCTA5 78339,330,48,78339,4878339,0.33
ZCTA5 78359,1933,48,78359,4878359,1.933
ZCTA5 78361,5326,48,78361,4878361,5.326
ZCTA5 78369,393,48,78369,4878369,0.393
ZCTA5 78370,4577,48,78370,4878370,4.577
ZCTA5 78373,3946,48,78373,4878373,3.946
ZCTA5 78377,2622,48,78377,4878377,2.622
ZCTA5 78382,19292,48,78382,4878382,19.292
ZCTA5 78385,501,48,78385,4878385,0.501
ZCTA5 78002,6541,48,78002,4878002,6.541
ZCTA5 78017,3970,48,78017,4878017,3.97
ZCTA5 78001,0,48,78001,4878001,0.0
ZCTA5 78007,187,48,78007,4878007,0.187
ZCTA5 78011,1774,48,78011,4878011,1.774
ZCTA5 78016,9342,48,78016,4878016,9.342
ZCTA5 78076,12302,48,78076,4878076,12.302
ZCTA5 78947,4420,48,78947,4878947,4.42
ZCTA5 78948,518,48,78948,4878948,0.518
ZCTA5 78957,7480,48,78957,4878957,7.48
ZCTA5 78962,4182,48,78962,4878962,4.182
ZCTA5 78075,206,48,78075,4878075,0.206
ZCTA5 78117,399,48,78117,4878117,0.399
ZCTA5 78121,12234,48,78121,4878121,12.234
ZCTA5 78155,35198,48,78155,4878155,35.198
ZCTA5 78660,59056,48,78660,4878660,59.056
ZCTA5 78703,18214,48,78703,4878703,18.214
ZCTA5 78721,7154,48,78721,4878721,7.154
ZCTA5 78726,9952,48,78726,4878726,9.952
ZCTA5 78704,42676,48,78704,4878704,42.676
ZCTA5 78725,3518,48,78725,4878725,3.518
ZCTA5 78739,16693,48,78739,4878739,16.693
ZCTA5 78742,601,48,78742,4878742,0.601
ZCTA5 78834,7483,48,78834,4878834,7.483
ZCTA5 78006,30235,48,78006,4878006,30.235
ZCTA5 78008,169,48,78008,4878008,0.169
ZCTA5 78375,2653,48,78375,4878375,2.653
ZCTA5 78340,351,48,78340,4878340,0.351
ZCTA5 78371,260,48,78371,4878371,0.26
ZCTA5 78228,56063,48,78228,4878228,56.063
ZCTA5 78231,7744,48,78231,4878231,7.744
ZCTA5 78236,4140,48,78236,4878236,4.14
ZCTA5 78226,5961,48,78226,4878226,5.961
ZCTA5 78223,46257,48,78223,4878223,46.257
ZCTA5 78225,12143,48,78225,4878225,12.143
ZCTA5 78227,42259,48,78227,4878227,42.259
ZCTA5 78219,9467,48,78219,4878219,9.467
ZCTA5 76685,14,48,76685,4876685,0.014
ZCTA5 76701,1587,48,76701,4876701,1.587
ZCTA5 76712,21411,48,76712,4876712,21.411
ZCTA5 76823,2637,48,76823,4876823,2.637
ZCTA5 76859,1604,48,76859,4876859,1.604
ZCTA5 76861,1893,48,76861,4876861,1.893
ZCTA5 76864,803,48,76864,4876864,0.803
ZCTA5 76884,144,48,76884,4876884,0.144
ZCTA5 76888,129,48,76888,4876888,0.129
ZCTA5 76936,1871,48,76936,4876936,1.871
ZCTA5 76065,31856,48,76065,4876065,31.856
ZCTA5 76067,18325,48,76067,4876067,18.325
ZCTA5 76660,483,48,76660,4876660,0.483
ZCTA5 76667,7810,48,76667,4876667,7.81
ZCTA5 76708,21286,48,76708,4876708,21.286
ZCTA5 76848,42,48,76848,4876848,0.042
ZCTA5 76854,263,48,76854,4876854,0.263
ZCTA5 76869,88,48,76869,4876869,0.088
ZCTA5 76870,220,48,76870,4876870,0.22
ZCTA5 76872,820,48,76872,4876872,0.82
ZCTA5 76933,1080,48,76933,4876933,1.08
ZCTA5 76949,4,48,76949,4876949,0.004
ZCTA5 76040,18968,48,76040,4876040,18.968
ZCTA5 76048,22605,48,76048,4876048,22.605
ZCTA5 76077,300,48,76077,4876077,0.3
ZCTA5 76093,1735,48,76093,4876093,1.735
ZCTA5 76104,7745,48,76104,4876104,7.745
ZCTA5 76109,20263,48,76109,4876109,20.263
ZCTA5 76117,22708,48,76117,4876117,22.708
ZCTA5 76134,14926,48,76134,4876134,14.926
ZCTA5 76137,41620,48,76137,4876137,41.62
ZCTA5 76179,48482,48,76179,4876179,48.482
ZCTA5 76180,27894,48,76180,4876180,27.894
ZCTA5 76240,24700,48,76240,4876240,24.7
ZCTA5 76272,4055,48,76272,4876272,4.055
ZCTA5 76443,2016,48,76443,4876443,2.016
ZCTA5 76446,6653,48,76446,4876446,6.653
ZCTA5 76454,1494,48,76454,4876454,1.494
ZCTA5 76459,241,48,76459,4876459,0.241
ZCTA5 76463,375,48,76463,4876463,0.375
ZCTA5 76466,244,48,76466,4876466,0.244
ZCTA5 76475,854,48,76475,4876475,0.854
ZCTA5 76486,1021,48,76486,4876486,1.021
ZCTA5 76513,31917,48,76513,4876513,31.917
ZCTA5 76518,1572,48,76518,4876518,1.572
ZCTA5 76519,293,48,76519,4876519,0.293
ZCTA5 76570,2400,48,76570,4876570,2.4
ZCTA5 76571,7350,48,76571,4876571,7.35
ZCTA5 76640,2852,48,76640,4876640,2.852
ZCTA5 76642,5055,48,76642,4876642,5.055
ZCTA5 76671,1646,48,76671,4876671,1.646
ZCTA5 76801,22681,48,76801,4876801,22.681
ZCTA5 76689,3231,48,76689,4876689,3.231
ZCTA5 76691,6192,48,76691,4876691,6.192
ZCTA5 76462,3266,48,76462,4876462,3.266
ZCTA5 76464,525,48,76464,4876464,0.525
ZCTA5 76476,2592,48,76476,4876476,2.592
ZCTA5 76511,2168,48,76511,4876511,2.168
ZCTA5 78730,7963,48,78730,4878730,7.963
ZCTA5 78733,6950,48,78733,4878733,6.95
ZCTA5 78751,13168,48,78751,4878751,13.168
ZCTA5 78828,81,48,78828,4878828,0.081
ZCTA5 78572,71889,48,78572,4878572,71.889
ZCTA5 78582,40227,48,78582,4878582,40.227
ZCTA5 78592,744,48,78592,4878592,0.744
ZCTA5 78597,2772,48,78597,4878597,2.772
ZCTA5 78609,2014,48,78609,4878609,2.014
ZCTA5 78610,29990,48,78610,4878610,29.99
ZCTA5 78612,8951,48,78612,4878612,8.951
ZCTA5 78616,6985,48,78616,4878616,6.985
ZCTA5 78879,137,48,78879,4878879,0.137
ZCTA5 78886,379,48,78886,4878886,0.379
ZCTA5 78940,2291,48,78940,4878940,2.291
ZCTA5 78669,11188,48,78669,4878669,11.188
ZCTA5 78701,7990,48,78701,4878701,7.99
ZCTA5 78735,15436,48,78735,4878735,15.436
ZCTA5 78752,12814,48,78752,4878752,12.814
ZCTA5 78758,31347,48,78758,4878758,31.347
ZCTA5 78801,19861,48,78801,4878801,19.861
ZCTA5 78850,1286,48,78850,4878850,1.286
ZCTA5 78873,1900,48,78873,4878873,1.9
ZCTA5 78942,6330,48,78942,4878942,6.33
ZCTA5 78956,4837,48,78956,4878956,4.837
ZCTA5 78005,651,48,78005,4878005,0.651
ZCTA5 78013,5409,48,78013,4878013,5.409
ZCTA5 78201,41402,48,78201,4878201,41.402
ZCTA5 78202,5521,48,78202,4878202,5.521
ZCTA5 78211,29071,48,78211,4878211,29.071
ZCTA5 78230,37131,48,78230,4878230,37.131
ZCTA5 78520,60295,48,78520,4878520,60.295
ZCTA5 78401,4808,48,78401,4878401,4.808
ZCTA5 78407,2362,48,78407,4878407,2.362
ZCTA5 78516,32934,48,78516,4878516,32.934
ZCTA5 78549,797,48,78549,4878549,0.797
ZCTA5 78552,35064,48,78552,4878552,35.064
ZCTA5 78558,957,48,78558,4878558,0.957
ZCTA5 78559,11911,48,78559,4878559,11.911
ZCTA5 78161,642,48,78161,4878161,0.642
ZCTA5 78203,3759,48,78203,4878203,3.759
ZCTA5 78210,26257,48,78210,4878210,26.257
ZCTA5 78213,38401,48,78213,4878213,38.401
ZCTA5 78222,17771,48,78222,4878222,17.771
ZCTA5 78234,3723,48,78234,4878234,3.723
ZCTA5 78250,49274,48,78250,4878250,49.274
ZCTA5 78257,5239,48,78257,4878257,5.239
ZCTA5 78338,51,48,78338,4878338,0.051
ZCTA5 78343,3960,48,78343,4878343,3.96
ZCTA5 78355,6454,48,78355,4878355,6.454
ZCTA5 78380,23474,48,78380,4878380,23.474
ZCTA5 78390,4974,48,78390,4878390,4.974
ZCTA5 78402,199,48,78402,4878402,0.199
ZCTA5 78405,13966,48,78405,4878405,13.966
ZCTA5 78411,23435,48,78411,4878411,23.435
ZCTA5 78372,6005,48,78372,4878372,6.005
ZCTA5 78376,627,48,78376,4878376,0.627
ZCTA5 78379,1399,48,78379,4878379,1.399
ZCTA5 78383,3830,48,78383,4878383,3.83
ZCTA5 78624,19967,48,78624,4878624,19.967
ZCTA5 78634,23835,48,78634,4878634,23.835
ZCTA5 78659,2985,48,78659,4878659,2.985
ZCTA5 78642,10878,48,78642,4878642,10.878
ZCTA5 78626,28948,48,78626,4878626,28.948
ZCTA5 78632,697,48,78632,4878632,0.697
ZCTA5 78636,3353,48,78636,4878636,3.353
ZCTA5 78643,5351,48,78643,4878643,5.351
ZCTA5 78652,4882,48,78652,4878652,4.882
ZCTA5 78681,44249,48,78681,4878681,44.249
ZCTA5 78702,16875,48,78702,4878702,16.875
ZCTA5 78745,54003,48,78745,4878745,54.003
ZCTA5 78946,804,48,78946,4878946,0.804
ZCTA5 78374,16730,48,78374,4878374,16.73
ZCTA5 78009,7896,48,78009,4878009,7.896
ZCTA5 78066,640,48,78066,4878066,0.64
ZCTA5 78595,5944,48,78595,4878595,5.944
ZCTA5 78672,1173,48,78672,4878672,1.173
ZCTA5 78109,22917,48,78109,4878109,22.917
ZCTA5 78029,0,48,78029,4878029,0.0
ZCTA5 78044,456,48,78044,4878044,0.456
ZCTA5 78060,115,48,78060,4878060,0.115
ZCTA5 78104,69,48,78104,4878104,0.069
ZCTA5 78150,27,48,78150,4878150,0.027
ZCTA5 78162,399,48,78162,4878162,0.399
ZCTA5 78243,321,48,78243,4878243,0.321
ZCTA5 78335,0,48,78335,4878335,0.0
ZCTA5 78341,1928,48,78341,4878341,1.928
ZCTA5 78342,427,48,78342,4878342,0.427
ZCTA5 78419,555,48,78419,4878419,0.555
ZCTA5 78535,738,48,78535,4878535,0.738
ZCTA5 78063,8446,48,78063,4878063,8.446
ZCTA5 78057,529,48,78057,4878057,0.529
ZCTA5 78058,923,48,78058,4878058,0.923
ZCTA5 78113,2930,48,78113,4878113,2.93
ZCTA5 78122,357,48,78122,4878122,0.357
ZCTA5 78123,1953,48,78123,4878123,1.953
ZCTA5 78125,78,48,78125,4878125,0.078
ZCTA5 78141,398,48,78141,4878141,0.398
ZCTA5 78143,249,48,78143,4878143,0.249
ZCTA5 78144,43,48,78144,4878144,0.043
ZCTA5 78163,9681,48,78163,4878163,9.681
ZCTA5 78205,1065,48,78205,4878205,1.065
ZCTA5 78208,2957,48,78208,4878208,2.957
ZCTA5 78209,37897,48,78209,4878209,37.897
ZCTA5 78216,34253,48,78216,4878216,34.253
ZCTA5 76111,15409,48,76111,4876111,15.409
ZCTA5 76112,18644,48,76112,4876112,18.644
ZCTA5 76118,11421,48,76118,4876118,11.421
ZCTA5 76205,16438,48,76205,4876205,16.438
ZCTA5 76230,9172,48,76230,4876230,9.172
ZCTA5 76239,1171,48,76239,4876239,1.171
ZCTA5 76245,1987,48,76245,4876245,1.987
ZCTA5 76432,1141,48,76432,4876432,1.141
ZCTA5 76460,348,48,76460,4876460,0.348
